"0","setwd(""C:/R scripts/DWA2022"")"
"0","library(haven)"
"2","
Attaching package: ‘haven’

"
"2","The following objects are masked from ‘package:sjlabelled’:

    as_factor, read_sas, read_spss, read_stata, write_sas, zap_labels

"
"0","# import data"
"0","data <- read_sav(""C:/R scripts/DWA2022/ESS9e03_1.sav"")"
"0",""
"0",""
"0","save(data,file=""data.csv"")"
"0","str(data) #everything is right"
"1","tibble [49,519 x 572]"
"1",""
"1"," (S3: "
"1",""
"1","tbl_df/tbl/data.frame"
"1",""
"1",")"
"1",""
"1","
"
"1"," "
"1",""
"1","$ "
"1",""
"1","name    "
"1",""
"1",":"
"1"," chr [1:49519] "
"1",""
"1","""ESS9e03_1"" ""ESS9e03_1"" ""ESS9e03_1"" ""ESS9e03_1"""
"1",""
"1"," ..."
"1",""
"1","
"
"1","  .."
"1",""
"1","- attr(*, ""label"")="
"1"," chr "
"1",""
"1","""Title of dataset"""
"1",""
"1","
"
"1","  .."
"1",""
"1","- attr(*, ""format.spss"")="
"1"," chr "
"1",""
"1","""A12"""
"1",""
"1","
"
"1","  .."
"1",""
"1","- attr(*, ""display_width"")="
"1"," int "
"1",""
"1","14"
"1",""
"1","
"
"1"," "
"1",""
"1","$ "
"1",""
"1","essround"
"1",""
"1",":"
"1"," num [1:49519] "
"1",""
"1","9 9 9 9 9 9 9 9 9 9"
"1",""
"1"," ..."
"1",""
"1","
"
"1","  .."
"1",""
"1","- attr(*, ""label"")="
"1"," chr "
"1",""
"1","""ESS round"""
"1",""
"1","
"
"1","  .."
"1",""
"1","- attr(*, ""format.spss"")="
"1"," chr "
"1",""
"1","""F2.0"""
"1",""
"1","
"
"1","  .."
"1",""
"1","- attr(*, ""display_width"")="
"1"," int "
"1",""
"1","10"
"1",""
"1","
"
"1"," "
"1",""
"1","$ "
"1",""
"1","edition "
"1",""
"1",":"
"1"," chr [1:49519] "
"1",""
"1","""3.1"" ""3.1"" ""3.1"" ""3.1"""
"1",""
"1"," ..."
"1",""
"1","
"
"1","  .."
"1",""
"1","- attr(*, ""label"")="
"1"," chr "
"1",""
"1","""Edition"""
"1",""
"1","
"
"1","  .."
"1",""
"1","- attr(*, ""format.spss"")="
"1"," chr "
"1",""
"1","""A3"""
"1",""
"1","
"
"1","  .."
"1",""
"1","- attr(*, ""display_width"")="
"1"," int "
"1",""
"1","9"
"1",""
"1","
"
"1"," "
"1",""
"1","$ "
"1",""
"1","proddate"
"1",""
"1",":"
"1"," chr [1:49519] "
"1",""
"1","""17.02.2021"" ""17.02.2021"" ""17.02.2021"" ""17.02.2021"""
"1",""
"1"," ..."
"1",""
"1","
"
"1","  .."
"1",""
"1","- attr(*, ""label"")="
"1"," chr "
"1",""
"1","""Production date"""
"1",""
"1","
"
"1","  .."
"1",""
"1","- attr(*, ""format.spss"")="
"1"," chr "
"1",""
"1","""A10"""
"1",""
"1","
"
"1","  .."
"1",""
"1","- attr(*, ""display_width"")="
"1"," int "
"1",""
"1","12"
"1",""
"1","
"
"1"," "
"1",""
"1","$ "
"1",""
"1","idno    "
"1",""
"1",":"
"1"," num [1:49519] "
"1",""
"1","27 137 194 208 220 254 290 301 305 400"
"1",""
"1"," ..."
"1",""
"1","
"
"1","  .."
"1",""
"1","- attr(*, ""label"")="
"1"," chr "
"1",""
"1","""Respondent's identification number"""
"1",""
"1","
"
"1","  .."
"1",""
"1","- attr(*, ""format.spss"")="
"1"," chr "
"1",""
"1","""F9.0"""
"1",""
"1","
"
"1","  .."
"1",""
"1","- attr(*, ""display_width"")="
"1"," int "
"1",""
"1","11"
"1",""
"1","
"
"1"," "
"1",""
"1","$ "
"1",""
"1","cntry   "
"1",""
"1",":"
"1"," chr+lbl [1:49519] AT, AT, AT, AT, AT, AT, AT, AT, AT, AT, AT, AT, AT, AT,...
"
"1","   .."
"1",""
"1","@ "
"1",""
"1","label        "
"1",""
"1",":"
"1"," chr "
"1",""
"1","""Country"""
"1",""
"1","
"
"1","   .."
"1",""
"1","@ "
"1",""
"1","format.spss  "
"1",""
"1",":"
"1"," chr "
"1",""
"1","""A2"""
"1",""
"1","
"
"1","   .."
"1",""
"1","@ "
"1",""
"1","display_width"
"1",""
"1",":"
"1"," int "
"1",""
"1","7"
"1",""
"1","
"
"1","   .."
"1",""
"1","@ "
"1",""
"1","labels       "
"1",""
"1",":"
"1"," Named chr [1:29] "
"1",""
"1","""GB"" ""BE"" ""DE"" ""EE"""
"1",""
"1"," ..."
"1",""
"1","
"
"1","   .. .."
"1",""
"1","- attr(*, ""names"")="
"1"," chr [1:29] "
"1",""
"1","""United Kingdom"" ""Belgium"" ""Germany"" ""Estonia"""
"1",""
"1"," ..."
"1",""
"1","
"
"1"," "
"1",""
"1","$ "
"1",""
"1","nwspol  "
"1",""
"1",":"
"1"," dbl+lbl [1:49519]  60,  10,  60,  45,  30,  45,  60,  30,  30,  25, 120, ...
"
"1","   .."
"1",""
"1","@ "
"1",""
"1","label      "
"1",""
"1",":"
"1"," chr "
"1",""
"1","""News about politics and current affairs, watching, reading or listening, in minutes"""
"1",""
"1","
"
"1","   .."
"1",""
"1","@ "
"1",""
"1","format.spss"
"1",""
"1",":"
"1"," chr "
"1",""
"1","""F4.0"""
"1",""
"1","
"
"1","   .."
"1",""
"1","@ "
"1",""
"1","labels     "
"1",""
"1",":"
"1"," Named num [1:3] "
"1",""
"1","7777 8888 9999"
"1",""
"1","
"
"1","   .. .."
"1",""
"1","- attr(*, ""names"")="
"1"," chr [1:3] "
"1",""
"1","""Refusal"" ""Don't know"" ""No answer"""
"1",""
"1","
"
"1"," "
"1",""
"1","$ "
"1",""
"1","netusoft"
"1",""
"1",":"
"1"," dbl+lbl [1:49519] 5, 5, 4, 5, 1, 2, 1, 1, 5, 4, 1, 5, 1, 4, 5, 5, 2, 4, 5...
"
"1","   .."
"1",""
"1","@ "
"1",""
"1","label        "
"1",""
"1",":"
"1"," chr "
"1",""
"1","""Internet use, how often"""
"1",""
"1","
"
"1","   .."
"1",""
"1","@ "
"1",""
"1","format.spss  "
"1",""
"1",":"
"1"," chr "
"1",""
"1","""F1.0"""
"1",""
"1","
"
"1","   .."
"1",""
"1","@ "
"1",""
"1","display_width"
"1",""
"1",":"
"1"," int "
"1",""
"1","10"
"1",""
"1","
"
"1","   .."
"1",""
"1","@ "
"1",""
"1","labels       "
"1",""
"1",":"
"1"," Named num [1:8] "
"1",""
"1","1 2 3 4 5 7 8 9"
"1",""
"1","
"
"1","   .. .."
"1",""
"1","- attr(*, ""names"")="
"1"," chr [1:8] "
"1",""
"1","""Never"" ""Only occasionally"" ""A few times a week"" ""Most days"""
"1",""
"1"," ..."
"1",""
"1","
"
"1"," "
"1",""
"1","$ "
"1",""
"1","netustm "
"1",""
"1",":"
"1"," dbl+lbl [1:49519] 180,  20, 180, 120,  NA,  NA,  NA,  NA, 120, 360,  NA, ...
"
"1","   .."
"1",""
"1","@ "
"1",""
"1","label        "
"1",""
"1",":"
"1"," chr "
"1",""
"1","""Internet use, how much time on typical day, in minutes"""
"1",""
"1","
"
"1","   .."
"1",""
"1","@ "
"1",""
"1","format.spss  "
"1",""
"1",":"
"1"," chr "
"1",""
"1","""F4.0"""
"1",""
"1","
"
"1","   .."
"1",""
"1","@ "
"1",""
"1","display_width"
"1",""
"1",":"
"1"," int "
"1",""
"1","9"
"1",""
"1","
"
"1","   .."
"1",""
"1","@ "
"1",""
"1","labels       "
"1",""
"1",":"
"1"," Named num [1:4] "
"1",""
"1","6666 7777 8888 9999"
"1",""
"1","
"
"1","   .. .."
"1",""
"1","- attr(*, ""names"")="
"1"," chr [1:4] "
"1",""
"1","""Not applicable"" ""Refusal"" ""Don't know"" ""No answer"""
"1",""
"1","
"
"1"," "
"1",""
"1","$ "
"1",""
"1","ppltrst "
"1",""
"1",":"
"1"," dbl+lbl [1:49519]  2,  7,  5,  3,  5,  8,  6,  7,  2,  7, 10,  8,  5,  4,...
"
"1","   .."
"1",""
"1","@ "
"1",""
"1","label        "
"1",""
"1",":"
"1"," chr "
"1",""
"1","""Most people can be trusted or you can't be too careful"""
"1",""
"1","
"
"1","   .."
"1",""
"1","@ "
"1",""
"1","format.spss  "
"1",""
"1",":"
"1"," chr "
"1",""
"1","""F2.0"""
"1",""
"1","
"
"1","   .."
"1",""
"1","@ "
"1",""
"1","display_width"
"1",""
"1",":"
"1"," int "
"1",""
"1","9"
"1",""
"1","
"
"1","   .."
"1",""
"1","@ "
"1",""
"1","labels       "
"1",""
"1",":"
"1"," Named num [1:14] "
"1",""
"1","0 1 2 3 4 5 6 7 8 9"
"1",""
"1"," ..."
"1",""
"1","
"
"1","   .. .."
"1",""
"1","- attr(*, ""names"")="
"1"," chr [1:14] "
"1",""
"1","""You can't be too careful"" ""1"" ""2"" ""3"""
"1",""
"1"," ..."
"1",""
"1","
"
"1"," "
"1",""
"1","$ "
"1",""
"1","pplfair "
"1",""
"1",":"
"1"," dbl+lbl [1:49519]  2,  8,  7,  9,  8,  7,  1,  7,  9,  4,  9,  8,  7,  2,...
"
"1","   .."
"1",""
"1","@ "
"1",""
"1","label        "
"1",""
"1",":"
"1"," chr "
"1",""
"1","""Most people try to take advantage of you, or try to be fair"""
"1",""
"1","
"
"1","   .."
"1",""
"1","@ "
"1",""
"1","format.spss  "
"1",""
"1",":"
"1"," chr "
"1",""
"1","""F2.0"""
"1",""
"1","
"
"1","   .."
"1",""
"1","@ "
"1",""
"1","display_width"
"1",""
"1",":"
"1"," int "
"1",""
"1","9"
"1",""
"1","
"
"1","   .."
"1",""
"1","@ "
"1",""
"1","labels       "
"1",""
"1",":"
"1"," Named num [1:14] "
"1",""
"1","0 1 2 3 4 5 6 7 8 9"
"1",""
"1"," ..."
"1",""
"1","
"
"1","   .. .."
"1",""
"1","- attr(*, ""names"")="
"1"," chr [1:14] "
"1",""
"1","""Most people try to take advantage of me"" ""1"" ""2"" ""3"""
"1",""
"1"," ..."
"1",""
"1","
"
"1"," "
"1",""
"1","$ "
"1",""
"1","pplhlp  "
"1",""
"1",":"
"1"," dbl+lbl [1:49519]  2,  7,  7,  5,  4,  6,  3,  7,  9,  4, 10,  6,  4,  3,...
"
"1","   .."
"1",""
"1","@ "
"1",""
"1","label      "
"1",""
"1",":"
"1"," chr "
"1",""
"1","""Most of the time people helpful or mostly looking out for themselves"""
"1",""
"1","
"
"1","   .."
"1",""
"1","@ "
"1",""
"1","format.spss"
"1",""
"1",":"
"1"," chr "
"1",""
"1","""F2.0"""
"1",""
"1","
"
"1","   .."
"1",""
"1","@ "
"1",""
"1","labels     "
"1",""
"1",":"
"1"," Named num [1:14] "
"1",""
"1","0 1 2 3 4 5 6 7 8 9"
"1",""
"1"," ..."
"1",""
"1","
"
"1","   .. .."
"1",""
"1","- attr(*, ""names"")="
"1"," chr [1:14] "
"1",""
"1","""People mostly look out for themselves"" ""1"" ""2"" ""3"""
"1",""
"1"," ..."
"1",""
"1","
"
"1"," "
"1",""
"1","$ "
"1",""
"1","polintr "
"1",""
"1",":"
"1"," dbl+lbl [1:49519] 3, 2, 4, 3, 2, 2, 4, 3, 3, 4, 2, 2, 1, 4, 2, 1, 2, 3, 2...
"
"1","   .."
"1",""
"1","@ "
"1",""
"1","label        "
"1",""
"1",":"
"1"," chr "
"1",""
"1","""How interested in politics"""
"1",""
"1","
"
"1","   .."
"1",""
"1","@ "
"1",""
"1","format.spss  "
"1",""
"1",":"
"1"," chr "
"1",""
"1","""F1.0"""
"1",""
"1","
"
"1","   .."
"1",""
"1","@ "
"1",""
"1","display_width"
"1",""
"1",":"
"1"," int "
"1",""
"1","9"
"1",""
"1","
"
"1","   .."
"1",""
"1","@ "
"1",""
"1","labels       "
"1",""
"1",":"
"1"," Named num [1:7] "
"1",""
"1","1 2 3 4 7 8 9"
"1",""
"1","
"
"1","   .. .."
"1",""
"1","- attr(*, ""names"")="
"1"," chr [1:7] "
"1",""
"1","""Very interested"" ""Quite interested"" ""Hardly interested"" ""Not at all interested"""
"1",""
"1"," ..."
"1",""
"1","
"
"1"," "
"1",""
"1","$ "
"1",""
"1","psppsgva"
"1",""
"1",":"
"1"," dbl+lbl [1:49519] 3, 3, 2, 2, 1, 2, 2, 1, 1, 2, 5, 3, 4, 1, 3, 3, 4, 3, 1...
"
"1","   .."
"1",""
"1","@ "
"1",""
"1","label        "
"1",""
"1",":"
"1"," chr "
"1",""
"1","""Political system allows people to have a say in what government does"""
"1",""
"1","
"
"1","   .."
"1",""
"1","@ "
"1",""
"1","format.spss  "
"1",""
"1",":"
"1"," chr "
"1",""
"1","""F1.0"""
"1",""
"1","
"
"1","   .."
"1",""
"1","@ "
"1",""
"1","display_width"
"1",""
"1",":"
"1"," int "
"1",""
"1","10"
"1",""
"1","
"
"1","   .."
"1",""
"1","@ "
"1",""
"1","labels       "
"1",""
"1",":"
"1"," Named num [1:8] "
"1",""
"1","1 2 3 4 5 7 8 9"
"1",""
"1","
"
"1","   .. .."
"1",""
"1","- attr(*, ""names"")="
"1"," chr [1:8] "
"1",""
"1","""Not at all"" ""Very little"" ""Some"" ""A lot"""
"1",""
"1"," ..."
"1",""
"1","
"
"1"," "
"1",""
"1","$ "
"1",""
"1","actrolga"
"1",""
"1",":"
"1"," dbl+lbl [1:49519]  2,  2,  1,  2,  1,  2,  2,  1,  1,  2,  5,  3,  3,  1,...
"
"1","   .."
"1",""
"1","@ "
"1",""
"1","label        "
"1",""
"1",":"
"1"," chr "
"1",""
"1","""Able to take active role in political group"""
"1",""
"1","
"
"1","   .."
"1",""
"1","@ "
"1",""
"1","format.spss  "
"1",""
"1",":"
"1"," chr "
"1",""
"1","""F1.0"""
"1",""
"1","
"
"1","   .."
"1",""
"1","@ "
"1",""
"1","display_width"
"1",""
"1",":"
"1"," int "
"1",""
"1","10"
"1",""
"1","
"
"1","   .."
"1",""
"1","@ "
"1",""
"1","labels       "
"1",""
"1",":"
"1"," Named num [1:8] "
"1",""
"1","1 2 3 4 5 7 8 9"
"1",""
"1","
"
"1","   .. .."
"1",""
"1","- attr(*, ""names"")="
"1"," chr [1:8] "
"1",""
"1","""Not at all able"" ""A little able"" ""Quite able"" ""Very able"""
"1",""
"1"," ..."
"1",""
"1","
"
"1"," "
"1",""
"1","$ "
"1",""
"1","psppipla"
"1",""
"1",":"
"1"," dbl+lbl [1:49519] 2, 3, 3, 3, 1, 3, 3, 1, 1, 2, 5, 3, 3, 1, 3, 3, 3, 3, 1...
"
"1","   .."
"1",""
"1","@ "
"1",""
"1","label        "
"1",""
"1",":"
"1"," chr "
"1",""
"1","""Political system allows people to have influence on politics"""
"1",""
"1","
"
"1","   .."
"1",""
"1","@ "
"1",""
"1","format.spss  "
"1",""
"1",":"
"1"," chr "
"1",""
"1","""F1.0"""
"1",""
"1","
"
"1","   .."
"1",""
"1","@ "
"1",""
"1","display_width"
"1",""
"1",":"
"1"," int "
"1",""
"1","10"
"1",""
"1","
"
"1","   .."
"1",""
"1","@ "
"1",""
"1","labels       "
"1",""
"1",":"
"1"," Named num [1:8] "
"1",""
"1","1 2 3 4 5 7 8 9"
"1",""
"1","
"
"1","   .. .."
"1",""
"1","- attr(*, ""names"")="
"1"," chr [1:8] "
"1",""
"1","""Not at all"" ""Very little"" ""Some"" ""A lot"""
"1",""
"1"," ..."
"1",""
"1","
"
"1"," "
"1",""
"1","$ "
"1",""
"1","cptppola"
"1",""
"1",":"
"1"," dbl+lbl [1:49519] 2, 2, 2, 1, 3, 2, 2, 2, 4, 1, 5, 4, 3, 5, 3, 5, 3, 2, 2...
"
"1","   .."
"1",""
"1","@ "
"1",""
"1","label        "
"1",""
"1",":"
"1"," chr "
"1",""
"1","""Confident in own ability to participate in politics"""
"1",""
"1","
"
"1","   .."
"1",""
"1","@ "
"1",""
"1","format.spss  "
"1",""
"1",":"
"1"," chr "
"1",""
"1","""F1.0"""
"1",""
"1","
"
"1","   .."
"1",""
"1","@ "
"1",""
"1","display_width"
"1",""
"1",":"
"1"," int "
"1",""
"1","10"
"1",""
"1","
"
"1","   .."
"1",""
"1","@ "
"1",""
"1","labels       "
"1",""
"1",":"
"1"," Named num [1:8] "
"1",""
"1","1 2 3 4 5 7 8 9"
"1",""
"1","
"
"1","   .. .."
"1",""
"1","- attr(*, ""names"")="
"1"," chr [1:8] "
"1",""
"1","""Not at all confident"" ""A little confident"" ""Quite confident"" ""Very confident"""
"1",""
"1"," ..."
"1",""
"1","
"
"1"," "
"1",""
"1","$ "
"1",""
"1","trstprl "
"1",""
"1",":"
"1"," dbl+lbl [1:49519]  5,  7,  6,  0,  7,  6,  0,  5,  1,  3,  6,  7,  6,  4,...
"
"1","   .."
"1",""
"1","@ "
"1",""
"1","label        "
"1",""
"1",":"
"1"," chr "
"1",""
"1","""Trust in country's parliament"""
"1",""
"1","
"
"1","   .."
"1",""
"1","@ "
"1",""
"1","format.spss  "
"1",""
"1",":"
"1"," chr "
"1",""
"1","""F2.0"""
"1",""
"1","
"
"1","   .."
"1",""
"1","@ "
"1",""
"1","display_width"
"1",""
"1",":"
"1"," int "
"1",""
"1","9"
"1",""
"1","
"
"1","   .."
"1",""
"1","@ "
"1",""
"1","labels       "
"1",""
"1",":"
"1"," Named num [1:14] "
"1",""
"1","0 1 2 3 4 5 6 7 8 9"
"1",""
"1"," ..."
"1",""
"1","
"
"1","   .. .."
"1",""
"1","- attr(*, ""names"")="
"1"," chr [1:14] "
"1",""
"1","""No trust at all"" ""1"" ""2"" ""3"""
"1",""
"1"," ..."
"1",""
"1","
"
"1"," "
"1",""
"1","$ "
"1",""
"1","trstlgl "
"1",""
"1",":"
"1"," dbl+lbl [1:49519] 10,  8,  8,  5,  8,  5,  5,  7, 10,  5, 10,  8,  3, 10,...
"
"1","   .."
"1",""
"1","@ "
"1",""
"1","label        "
"1",""
"1",":"
"1"," chr "
"1",""
"1","""Trust in the legal system"""
"1",""
"1","
"
"1","   .."
"1",""
"1","@ "
"1",""
"1","format.spss  "
"1",""
"1",":"
"1"," chr "
"1",""
"1","""F2.0"""
"1",""
"1","
"
"1","   .."
"1",""
"1","@ "
"1",""
"1","display_width"
"1",""
"1",":"
"1"," int "
"1",""
"1","9"
"1",""
"1","
"
"1","   .."
"1",""
"1","@ "
"1",""
"1","labels       "
"1",""
"1",":"
"1"," Named num [1:14] "
"1",""
"1","0 1 2 3 4 5 6 7 8 9"
"1",""
"1"," ..."
"1",""
"1","
"
"1","   .. .."
"1",""
"1","- attr(*, ""names"")="
"1"," chr [1:14] "
"1",""
"1","""No trust at all"" ""1"" ""2"" ""3"""
"1",""
"1"," ..."
"1",""
"1","
"
"1"," "
"1",""
"1","$ "
"1",""
"1","trstplc "
"1",""
"1",":"
"1"," dbl+lbl [1:49519] 10,  8,  8,  8,  8,  7,  5,  7, 10,  5, 10,  6,  8, 10,...
"
"1","   .."
"1",""
"1","@ "
"1",""
"1","label        "
"1",""
"1",":"
"1"," chr "
"1",""
"1","""Trust in the police"""
"1",""
"1","
"
"1","   .."
"1",""
"1","@ "
"1",""
"1","format.spss  "
"1",""
"1",":"
"1"," chr "
"1",""
"1","""F2.0"""
"1",""
"1","
"
"1","   .."
"1",""
"1","@ "
"1",""
"1","display_width"
"1",""
"1",":"
"1"," int "
"1",""
"1","9"
"1",""
"1","
"
"1","   .."
"1",""
"1","@ "
"1",""
"1","labels       "
"1",""
"1",":"
"1"," Named num [1:14] "
"1",""
"1","0 1 2 3 4 5 6 7 8 9"
"1",""
"1"," ..."
"1",""
"1","
"
"1","   .. .."
"1",""
"1","- attr(*, ""names"")="
"1"," chr [1:14] "
"1",""
"1","""No trust at all"" ""1"" ""2"" ""3"""
"1",""
"1"," ..."
"1",""
"1","
"
"1"," "
"1",""
"1","$ "
"1",""
"1","trstplt "
"1",""
"1",":"
"1"," dbl+lbl [1:49519]  5,  3,  5,  3,  7,  5,  0,  3,  1,  4, 10,  5,  3,  1,...
"
"1","   .."
"1",""
"1","@ "
"1",""
"1","label        "
"1",""
"1",":"
"1"," chr "
"1",""
"1","""Trust in politicians"""
"1",""
"1","
"
"1","   .."
"1",""
"1","@ "
"1",""
"1","format.spss  "
"1",""
"1",":"
"1"," chr "
"1",""
"1","""F2.0"""
"1",""
"1","
"
"1","   .."
"1",""
"1","@ "
"1",""
"1","display_width"
"1",""
"1",":"
"1"," int "
"1",""
"1","9"
"1",""
"1","
"
"1","   .."
"1",""
"1","@ "
"1",""
"1","labels       "
"1",""
"1",":"
"1"," Named num [1:14] "
"1",""
"1","0 1 2 3 4 5 6 7 8 9"
"1",""
"1"," ..."
"1",""
"1","
"
"1","   .. .."
"1",""
"1","- attr(*, ""names"")="
"1"," chr [1:14] "
"1",""
"1","""No trust at all"" ""1"" ""2"" ""3"""
"1",""
"1"," ..."
"1",""
"1","
"
"1"," "
"1",""
"1","$ "
"1",""
"1","trstprt "
"1",""
"1",":"
"1"," dbl+lbl [1:49519]  5,  4,  5,  3,  7,  5,  0,  3,  1,  4, 10,  5,  0,  4,...
"
"1","   .."
"1",""
"1","@ "
"1",""
"1","label        "
"1",""
"1",":"
"1"," chr "
"1",""
"1","""Trust in political parties"""
"1",""
"1","
"
"1","   .."
"1",""
"1","@ "
"1",""
"1","format.spss  "
"1",""
"1",":"
"1"," chr "
"1",""
"1","""F2.0"""
"1",""
"1","
"
"1","   .."
"1",""
"1","@ "
"1",""
"1","display_width"
"1",""
"1",":"
"1"," int "
"1",""
"1","9"
"1",""
"1","
"
"1","   .."
"1",""
"1","@ "
"1",""
"1","labels       "
"1",""
"1",":"
"1"," Named num [1:14] "
"1",""
"1","0 1 2 3 4 5 6 7 8 9"
"1",""
"1"," ..."
"1",""
"1","
"
"1","   .. .."
"1",""
"1","- attr(*, ""names"")="
"1"," chr [1:14] "
"1",""
"1","""No trust at all"" ""1"" ""2"" ""3"""
"1",""
"1"," ..."
"1",""
"1","
"
"1"," "
"1",""
"1","$ "
"1",""
"1","trstep  "
"1",""
"1",":"
"1"," dbl+lbl [1:49519]  5,  5,  5,  0,  5,  4,  3,  1,  1,  4, 10,  9,  0,  6,...
"
"1","   .."
"1",""
"1","@ "
"1",""
"1","label      "
"1",""
"1",":"
"1"," chr "
"1",""
"1","""Trust in the European Parliament"""
"1",""
"1","
"
"1","   .."
"1",""
"1","@ "
"1",""
"1","format.spss"
"1",""
"1",":"
"1"," chr "
"1",""
"1","""F2.0"""
"1",""
"1","
"
"1","   .."
"1",""
"1","@ "
"1",""
"1","labels     "
"1",""
"1",":"
"1"," Named num [1:14] "
"1",""
"1","0 1 2 3 4 5 6 7 8 9"
"1",""
"1"," ..."
"1",""
"1","
"
"1","   .. .."
"1",""
"1","- attr(*, ""names"")="
"1"," chr [1:14] "
"1",""
"1","""No trust at all"" ""1"" ""2"" ""3"""
"1",""
"1"," ..."
"1",""
"1","
"
"1"," "
"1",""
"1","$ "
"1",""
"1","trstun  "
"1",""
"1",":"
"1"," dbl+lbl [1:49519]  5,  2,  5,  2,  5,  6,  0,  5,  1,  5, 10,  8,  8, 10,...
"
"1","   .."
"1",""
"1","@ "
"1",""
"1","label      "
"1",""
"1",":"
"1"," chr "
"1",""
"1","""Trust in the United Nations"""
"1",""
"1","
"
"1","   .."
"1",""
"1","@ "
"1",""
"1","format.spss"
"1",""
"1",":"
"1"," chr "
"1",""
"1","""F2.0"""
"1",""
"1","
"
"1","   .."
"1",""
"1","@ "
"1",""
"1","labels     "
"1",""
"1",":"
"1"," Named num [1:14] "
"1",""
"1","0 1 2 3 4 5 6 7 8 9"
"1",""
"1"," ..."
"1",""
"1","
"
"1","   .. .."
"1",""
"1","- attr(*, ""names"")="
"1"," chr [1:14] "
"1",""
"1","""No trust at all"" ""1"" ""2"" ""3"""
"1",""
"1"," ..."
"1",""
"1","
"
"1"," "
"1",""
"1","$ "
"1",""
"1","vote    "
"1",""
"1",":"
"1"," dbl+lbl [1:49519] 1, 1, 1, 1, 1, 1, 2, 1, 2, 1, 1, 1, 1, 1, 1, 3, 1, 1, 1...
"
"1","   .."
"1",""
"1","@ "
"1",""
"1","label        "
"1",""
"1",":"
"1"," chr "
"1",""
"1","""Voted last national election"""
"1",""
"1","
"
"1","   .."
"1",""
"1","@ "
"1",""
"1","format.spss  "
"1",""
"1",":"
"1"," chr "
"1",""
"1","""F1.0"""
"1",""
"1","
"
"1","   .."
"1",""
"1","@ "
"1",""
"1","display_width"
"1",""
"1",":"
"1"," int "
"1",""
"1","6"
"1",""
"1","
"
"1","   .."
"1",""
"1","@ "
"1",""
"1","labels       "
"1",""
"1",":"
"1"," Named num [1:6] "
"1",""
"1","1 2 3 7 8 9"
"1",""
"1","
"
"1","   .. .."
"1",""
"1","- attr(*, ""names"")="
"1"," chr [1:6] "
"1",""
"1","""Yes"" ""No"" ""Not eligible to vote"" ""Refusal"""
"1",""
"1"," ..."
"1",""
"1","
"
"1"," "
"1",""
"1","$ "
"1",""
"1","prtvtcat"
"1",""
"1",":"
"1"," dbl+lbl [1:49519]  3,  1,  2,  2,  2,  1, NA, NA, NA,  3,  1,  5,  1,  3,...
"
"1","   .."
"1",""
"1","@ "
"1",""
"1","label        "
"1",""
"1",":"
"1"," chr "
"1",""
"1","""Party voted for in last national election, Austria"""
"1",""
"1","
"
"1","   .."
"1",""
"1","@ "
"1",""
"1","format.spss  "
"1",""
"1",":"
"1"," chr "
"1",""
"1","""F2.0"""
"1",""
"1","
"
"1","   .."
"1",""
"1","@ "
"1",""
"1","display_width"
"1",""
"1",":"
"1"," int "
"1",""
"1","10"
"1",""
"1","
"
"1","   .."
"1",""
"1","@ "
"1",""
"1","labels       "
"1",""
"1",":"
"1"," Named num [1:13] "
"1",""
"1","1 2 3 4 5 6 7 8 9 66"
"1",""
"1"," ..."
"1",""
"1","
"
"1","   .. .."
"1",""
"1","- attr(*, ""names"")="
"1"," chr [1:13] "
"1",""
"1","""SPÖ"" ""ÖVP"" ""FPÖ"" ""PILZ"""
"1",""
"1"," ..."
"1",""
"1","
"
"1"," "
"1",""
"1","$ "
"1",""
"1","prtvtdbe"
"1",""
"1",":"
"1"," dbl+lbl [1:49519] NA, NA, NA, NA, NA, NA, NA, NA, NA, NA, NA, NA, NA, NA,...
"
"1","   .."
"1",""
"1","@ "
"1",""
"1","label        "
"1",""
"1",":"
"1"," chr "
"1",""
"1","""Party voted for in last national election, Belgium"""
"1",""
"1","
"
"1","   .."
"1",""
"1","@ "
"1",""
"1","format.spss  "
"1",""
"1",":"
"1"," chr "
"1",""
"1","""F2.0"""
"1",""
"1","
"
"1","   .."
"1",""
"1","@ "
"1",""
"1","display_width"
"1",""
"1",":"
"1"," int "
"1",""
"1","10"
"1",""
"1","
"
"1","   .."
"1",""
"1","@ "
"1",""
"1","labels       "
"1",""
"1",":"
"1"," Named num [1:23] "
"1",""
"1","1 2 3 4 5 6 7 8 9 10"
"1",""
"1"," ..."
"1",""
"1","
"
"1","   .. .."
"1",""
"1","- attr(*, ""names"")="
"1"," chr [1:23] "
"1",""
"1","""Groen!"" ""CD&V"" ""N-VA"" ""Lijst Dedecker"""
"1",""
"1"," ..."
"1",""
"1","
"
"1"," "
"1",""
"1","$ "
"1",""
"1","prtvtdbg"
"1",""
"1",":"
"1"," dbl+lbl [1:49519] NA, NA, NA, NA, NA, NA, NA, NA, NA, NA, NA, NA, NA, NA,...
"
"1","   .."
"1",""
"1","@ "
"1",""
"1","label        "
"1",""
"1",":"
"1"," chr "
"1",""
"1","""Party voted for in last national election, Bulgaria"""
"1",""
"1","
"
"1","   .."
"1",""
"1","@ "
"1",""
"1","format.spss  "
"1",""
"1",":"
"1"," chr "
"1",""
"1","""F2.0"""
"1",""
"1","
"
"1","   .."
"1",""
"1","@ "
"1",""
"1","display_width"
"1",""
"1",":"
"1"," int "
"1",""
"1","10"
"1",""
"1","
"
"1","   .."
"1",""
"1","@ "
"1",""
"1","labels       "
"1",""
"1",":"
"1"," Named num [1:17] "
"1",""
"1","1 2 3 4 5 6 7 8 9 10"
"1",""
"1"," ..."
"1",""
"1","
"
"1","   .. .."
"1",""
"1","- attr(*, ""names"")="
"1"," chr [1:17] "
"1",""
"1","""Grazhdani za evropei<U+0306>sko razvitie na Bulgariya (GERB)"" ""Balgarska sotsialisticheska partiya (BSP)"" ""Obedineni patrioti - NFSB, Ataka i VMRO"" ""Dvizhenie za prava i svobodi (DPS)"""
"1",""
"1"," ..."
"1",""
"1","
"
"1"," "
"1",""
"1","$ "
"1",""
"1","prtvtgch"
"1",""
"1",":"
"1"," dbl+lbl [1:49519] NA, NA, NA, NA, NA, NA, NA, NA, NA, NA, NA, NA, NA, NA,...
"
"1","   .."
"1",""
"1","@ "
"1",""
"1","label        "
"1",""
"1",":"
"1"," chr "
"1",""
"1","""Party voted for in last national election, Switzerland"""
"1",""
"1","
"
"1","   .."
"1",""
"1","@ "
"1",""
"1","format.spss  "
"1",""
"1",":"
"1"," chr "
"1",""
"1","""F2.0"""
"1",""
"1","
"
"1","   .."
"1",""
"1","@ "
"1",""
"1","display_width"
"1",""
"1",":"
"1"," int "
"1",""
"1","10"
"1",""
"1","
"
"1","   .."
"1",""
"1","@ "
"1",""
"1","labels       "
"1",""
"1",":"
"1"," Named num [1:20] "
"1",""
"1","1 2 3 4 5 6 7 8 9 10"
"1",""
"1"," ..."
"1",""
"1","
"
"1","   .. .."
"1",""
"1","- attr(*, ""names"")="
"1"," chr [1:20] "
"1",""
"1","""Swiss People's Party"" ""Social Democratic Party / Socialist Party"" ""FDP. The Liberals"" ""Christian Democratic Party"""
"1",""
"1"," ..."
"1",""
"1","
"
"1"," "
"1",""
"1","$ "
"1",""
"1","prtvtbcy"
"1",""
"1",":"
"1"," dbl+lbl [1:49519] NA, NA, NA, NA, NA, NA, NA, NA, NA, NA, NA, NA, NA, NA,...
"
"1","   .."
"1",""
"1","@ "
"1",""
"1","label        "
"1",""
"1",":"
"1"," chr "
"1",""
"1","""Party voted for in last national election, Cyprus"""
"1",""
"1","
"
"1","   .."
"1",""
"1","@ "
"1",""
"1","format.spss  "
"1",""
"1",":"
"1"," chr "
"1",""
"1","""F2.0"""
"1",""
"1","
"
"1","   .."
"1",""
"1","@ "
"1",""
"1","display_width"
"1",""
"1",":"
"1"," int "
"1",""
"1","10"
"1",""
"1","
"
"1","   .."
"1",""
"1","@ "
"1",""
"1","labels       "
"1",""
"1",":"
"1"," Named num [1:13] "
"1",""
"1","1 2 3 4 5 6 7 8 9 66"
"1",""
"1"," ..."
"1",""
"1","
"
"1","   .. .."
"1",""
"1","- attr(*, ""names"")="
"1"," chr [1:13] "
"1",""
"1","""Progressive Party of Working People (AKEL)"" ""Democratic Party (DIKO)"" ""Democratic Rally (DISY)"" ""National Popular Front (ELAM)"""
"1",""
"1"," ..."
"1",""
"1","
"
"1"," "
"1",""
"1","$ "
"1",""
"1","prtvtecz"
"1",""
"1",":"
"1"," dbl+lbl [1:49519] NA, NA, NA, NA, NA, NA, NA, NA, NA, NA, NA, NA, NA, NA,...
"
"1","   .."
"1",""
"1","@ "
"1",""
"1","label        "
"1",""
"1",":"
"1"," chr "
"1",""
"1","""Party voted for in last national election, Czechia"""
"1",""
"1","
"
"1","   .."
"1",""
"1","@ "
"1",""
"1","format.spss  "
"1",""
"1",":"
"1"," chr "
"1",""
"1","""F2.0"""
"1",""
"1","
"
"1","   .."
"1",""
"1","@ "
"1",""
"1","display_width"
"1",""
"1",":"
"1"," int "
"1",""
"1","10"
"1",""
"1","
"
"1","   .."
"1",""
"1","@ "
"1",""
"1","labels       "
"1",""
"1",":"
"1"," Named num [1:14] "
"1",""
"1","1 2 3 4 5 6 7 8 9 10"
"1",""
"1"," ..."
"1",""
"1","
"
"1","   .. .."
"1",""
"1","- attr(*, ""names"")="
"1"," chr [1:14] "
"1",""
"1","""KSCM"" ""CSSD"" ""TOP 09"" ""ANO 2011"""
"1",""
"1"," ..."
"1",""
"1","
"
"1"," "
"1",""
"1","$ "
"1",""
"1","prtvede1"
"1",""
"1",":"
"1"," dbl+lbl [1:49519] NA, NA, NA, NA, NA, NA, NA, NA, NA, NA, NA, NA, NA, NA,...
"
"1","   .."
"1",""
"1","@ "
"1",""
"1","label        "
"1",""
"1",":"
"1"," chr "
"1",""
"1","""Party voted for in last national election 1, Germany"""
"1",""
"1","
"
"1","   .."
"1",""
"1","@ "
"1",""
"1","format.spss  "
"1",""
"1",":"
"1"," chr "
"1",""
"1","""F2.0"""
"1",""
"1","
"
"1","   .."
"1",""
"1","@ "
"1",""
"1","display_width"
"1",""
"1",":"
"1"," int "
"1",""
"1","10"
"1",""
"1","
"
"1","   .."
"1",""
"1","@ "
"1",""
"1","labels       "
"1",""
"1",":"
"1"," Named num [1:13] "
"1",""
"1","1 2 3 4 5 6 7 8 9 66"
"1",""
"1"," ..."
"1",""
"1","
"
"1","   .. .."
"1",""
"1","- attr(*, ""names"")="
"1"," chr [1:13] "
"1",""
"1","""Christian Democratic Union/Christian Social Union (CDU/CSU)"" ""Social Democratic Party (SPD)"" ""The Left (Die Linke)"" ""Alliance 90/The Greens (Bündnis 90/Die Grünen)"""
"1",""
"1"," ..."
"1",""
"1","
"
"1"," "
"1",""
"1","$ "
"1",""
"1","prtvede2"
"1",""
"1",":"
"1"," dbl+lbl [1:49519] NA, NA, NA, NA, NA, NA, NA, NA, NA, NA, NA, NA, NA, NA,...
"
"1","   .."
"1",""
"1","@ "
"1",""
"1","label        "
"1",""
"1",":"
"1"," chr "
"1",""
"1","""Party voted for in last national election 2, Germany"""
"1",""
"1","
"
"1","   .."
"1",""
"1","@ "
"1",""
"1","format.spss  "
"1",""
"1",":"
"1"," chr "
"1",""
"1","""F2.0"""
"1",""
"1","
"
"1","   .."
"1",""
"1","@ "
"1",""
"1","display_width"
"1",""
"1",":"
"1"," int "
"1",""
"1","10"
"1",""
"1","
"
"1","   .."
"1",""
"1","@ "
"1",""
"1","labels       "
"1",""
"1",":"
"1"," Named num [1:13] "
"1",""
"1","1 2 3 4 5 6 7 8 9 66"
"1",""
"1"," ..."
"1",""
"1","
"
"1","   .. .."
"1",""
"1","- attr(*, ""names"")="
"1"," chr [1:13] "
"1",""
"1","""Christian Democratic Union/Christian Social Union (CDU/CSU)"" ""Social Democratic Party (SPD)"" ""The Left (Die Linke)"" ""Alliance 90/The Greens (Bündnis 90/Die Grünen)"""
"1",""
"1"," ..."
"1",""
"1","
"
"1"," "
"1",""
"1","$ "
"1",""
"1","prtvtddk"
"1",""
"1",":"
"1"," dbl+lbl [1:49519] NA, NA, NA, NA, NA, NA, NA, NA, NA, NA, NA, NA, NA, NA,...
"
"1","   .."
"1",""
"1","@ "
"1",""
"1","label        "
"1",""
"1",":"
"1"," chr "
"1",""
"1","""Party voted for in last national election, Denmark"""
"1",""
"1","
"
"1","   .."
"1",""
"1","@ "
"1",""
"1","format.spss  "
"1",""
"1",":"
"1"," chr "
"1",""
"1","""F2.0"""
"1",""
"1","
"
"1","   .."
"1",""
"1","@ "
"1",""
"1","display_width"
"1",""
"1",":"
"1"," int "
"1",""
"1","10"
"1",""
"1","
"
"1","   .."
"1",""
"1","@ "
"1",""
"1","labels       "
"1",""
"1",":"
"1"," Named num [1:15] "
"1",""
"1","1 2 3 4 5 6 7 8 9 10"
"1",""
"1"," ..."
"1",""
"1","
"
"1","   .. .."
"1",""
"1","- attr(*, ""names"")="
"1"," chr [1:15] "
"1",""
"1","""Socialdemokratiet - The Social democrats"" ""Det Radikale Venstre - The Radical Liberal Party"" ""Det Konservative Folkeparti - Conservative People's Party"" ""SF Socialistisk Folkeparti - Socialist People's Party"""
"1",""
"1"," ..."
"1",""
"1","
"
"1"," "
"1",""
"1","$ "
"1",""
"1","prtvtgee"
"1",""
"1",":"
"1"," dbl+lbl [1:49519] NA, NA, NA, NA, NA, NA, NA, NA, NA, NA, NA, NA, NA, NA,...
"
"1","   .."
"1",""
"1","@ "
"1",""
"1","label        "
"1",""
"1",":"
"1"," chr "
"1",""
"1","""Party voted for in last national election, Estonia"""
"1",""
"1","
"
"1","   .."
"1",""
"1","@ "
"1",""
"1","format.spss  "
"1",""
"1",":"
"1"," chr "
"1",""
"1","""F2.0"""
"1",""
"1","
"
"1","   .."
"1",""
"1","@ "
"1",""
"1","display_width"
"1",""
"1",":"
"1"," int "
"1",""
"1","10"
"1",""
"1","
"
"1","   .."
"1",""
"1","@ "
"1",""
"1","labels       "
"1",""
"1",":"
"1"," Named num [1:15] "
"1",""
"1","1 2 3 4 5 6 9 10 11 12"
"1",""
"1"," ..."
"1",""
"1","
"
"1","   .. .."
"1",""
"1","- attr(*, ""names"")="
"1"," chr [1:15] "
"1",""
"1","""Eesti Reformierakond"" ""Eesti Keskerakond"" ""Erakond Isamaa ja Res Publica Liit"" ""Sotsiaaldemokraatlik Erakond"""
"1",""
"1"," ..."
"1",""
"1","
"
"1"," "
"1",""
"1","$ "
"1",""
"1","prtvtees"
"1",""
"1",":"
"1"," dbl+lbl [1:49519] NA, NA, NA, NA, NA, NA, NA, NA, NA, NA, NA, NA, NA, NA,...
"
"1","   .."
"1",""
"1","@ "
"1",""
"1","label        "
"1",""
"1",":"
"1"," chr "
"1",""
"1","""Party voted for in last national election, Spain"""
"1",""
"1","
"
"1","   .."
"1",""
"1","@ "
"1",""
"1","format.spss  "
"1",""
"1",":"
"1"," chr "
"1",""
"1","""F2.0"""
"1",""
"1","
"
"1","   .."
"1",""
"1","@ "
"1",""
"1","display_width"
"1",""
"1",":"
"1"," int "
"1",""
"1","10"
"1",""
"1","
"
"1","   .."
"1",""
"1","@ "
"1",""
"1","labels       "
"1",""
"1",":"
"1"," Named num [1:27] "
"1",""
"1","1 2 3 4 5 6 7 8 9 10"
"1",""
"1"," ..."
"1",""
"1","
"
"1","   .. .."
"1",""
"1","- attr(*, ""names"")="
"1"," chr [1:27] "
"1",""
"1","""PP"" ""PSOE"" ""Unidas Podemos"" ""Podemos"""
"1",""
"1"," ..."
"1",""
"1","
"
"1"," "
"1",""
"1","$ "
"1",""
"1","prtvtdfi"
"1",""
"1",":"
"1"," dbl+lbl [1:49519] NA, NA, NA, NA, NA, NA, NA, NA, NA, NA, NA, NA, NA, NA,...
"
"1","   .."
"1",""
"1","@ "
"1",""
"1","label        "
"1",""
"1",":"
"1"," chr "
"1",""
"1","""Party voted for in last national election, Finland"""
"1",""
"1","
"
"1","   .."
"1",""
"1","@ "
"1",""
"1","format.spss  "
"1",""
"1",":"
"1"," chr "
"1",""
"1","""F2.0"""
"1",""
"1","
"
"1","   .."
"1",""
"1","@ "
"1",""
"1","display_width"
"1",""
"1",":"
"1"," int "
"1",""
"1","10"
"1",""
"1","
"
"1","   .."
"1",""
"1","@ "
"1",""
"1","labels       "
"1",""
"1",":"
"1"," Named num [1:20] "
"1",""
"1","1 2 3 4 5 6 7 8 9 10"
"1",""
"1"," ..."
"1",""
"1","
"
"1","   .. .."
"1",""
"1","- attr(*, ""names"")="
"1"," chr [1:20] "
"1",""
"1","""The National Coalition Party"" ""The Swedish People's Party (SPP)"" ""The Centre Party"" ""True Finns"""
"1",""
"1"," ..."
"1",""
"1","
"
"1"," "
"1",""
"1","$ "
"1",""
"1","prtvtdfr"
"1",""
"1",":"
"1"," dbl+lbl [1:49519] NA, NA, NA, NA, NA, NA, NA, NA, NA, NA, NA, NA, NA, NA,...
"
"1","   .."
"1",""
"1","@ "
"1",""
"1","label        "
"1",""
"1",":"
"1"," chr "
"1",""
"1","""Party voted for in last national election, France (ballot 1)"""
"1",""
"1","
"
"1","   .."
"1",""
"1","@ "
"1",""
"1","format.spss  "
"1",""
"1",":"
"1"," chr "
"1",""
"1","""F2.0"""
"1",""
"1","
"
"1","   .."
"1",""
"1","@ "
"1",""
"1","display_width"
"1",""
"1",":"
"1"," int "
"1",""
"1","10"
"1",""
"1","
"
"1","   .."
"1",""
"1","@ "
"1",""
"1","labels       "
"1",""
"1",":"
"1"," Named num [1:16] "
"1",""
"1","1 2 3 4 5 6 7 8 9 10"
"1",""
"1"," ..."
"1",""
"1","
"
"1","   .. .."
"1",""
"1","- attr(*, ""names"")="
"1"," chr [1:16] "
"1",""
"1","""LO (Lutte Ouvrière)"" ""NPA (Nouveau Parti Anti-Capitaliste)"" ""PCF (Parti Communiste Français)"" ""FI (La France Insoumise)"""
"1",""
"1"," ..."
"1",""
"1","
"
"1"," "
"1",""
"1","$ "
"1",""
"1","prtvtcgb"
"1",""
"1",":"
"1"," dbl+lbl [1:49519] NA, NA, NA, NA, NA, NA, NA, NA, NA, NA, NA, NA, NA, NA,...
"
"1","   .."
"1",""
"1","@ "
"1",""
"1","label        "
"1",""
"1",":"
"1"," chr "
"1",""
"1","""Party voted for in last national election, United Kingdom"""
"1",""
"1","
"
"1","   .."
"1",""
"1","@ "
"1",""
"1","format.spss  "
"1",""
"1",":"
"1"," chr "
"1",""
"1","""F2.0"""
"1",""
"1","
"
"1","   .."
"1",""
"1","@ "
"1",""
"1","display_width"
"1",""
"1",":"
"1"," int "
"1",""
"1","10"
"1",""
"1","
"
"1","   .."
"1",""
"1","@ "
"1",""
"1","labels       "
"1",""
"1",":"
"1"," Named num [1:23] "
"1",""
"1","1 2 3 4 5 6 7 8 9 10"
"1",""
"1"," ..."
"1",""
"1","
"
"1","   .. .."
"1",""
"1","- attr(*, ""names"")="
"1"," chr [1:23] "
"1",""
"1","""Conservative"" ""Labour"" ""Liberal Democrat"" ""Scottish National Party"""
"1",""
"1"," ..."
"1",""
"1","
"
"1"," "
"1",""
"1","$ "
"1",""
"1","prtvtahr"
"1",""
"1",":"
"1"," dbl+lbl [1:49519] NA, NA, NA, NA, NA, NA, NA, NA, NA, NA, NA, NA, NA, NA,...
"
"1","   .."
"1",""
"1","@ "
"1",""
"1","label        "
"1",""
"1",":"
"1"," chr "
"1",""
"1","""Party voted for in last national election, Croatia"""
"1",""
"1","
"
"1","   .."
"1",""
"1","@ "
"1",""
"1","format.spss  "
"1",""
"1",":"
"1"," chr "
"1",""
"1","""F2.0"""
"1",""
"1","
"
"1","   .."
"1",""
"1","@ "
"1",""
"1","display_width"
"1",""
"1",":"
"1"," int "
"1",""
"1","10"
"1",""
"1","
"
"1","   .."
"1",""
"1","@ "
"1",""
"1","labels       "
"1",""
"1",":"
"1"," Named num [1:14] "
"1",""
"1","1 2 3 4 5 6 7 8 9 10"
"1",""
"1"," ..."
"1",""
"1","
"
"1","   .. .."
"1",""
"1","- attr(*, ""names"")="
"1"," chr [1:14] "
"1",""
"1","""Hrvatska demokratska zajednica (HDZ)"" ""Narodna koalicija - SDP, HNS, HSU, HSS"" ""Most nezavisnih lista (Most)"" ""Koalicija Živi zid, Promijenimo Hrvatsku, Abeceda, HDSS"""
"1",""
"1"," ..."
"1",""
"1","
"
"1"," "
"1",""
"1","$ "
"1",""
"1","prtvtfhu"
"1",""
"1",":"
"1"," dbl+lbl [1:49519] NA, NA, NA, NA, NA, NA, NA, NA, NA, NA, NA, NA, NA, NA,...
"
"1","   .."
"1",""
"1","@ "
"1",""
"1","label        "
"1",""
"1",":"
"1"," chr "
"1",""
"1","""Party voted for in last national election, Hungary"""
"1",""
"1","
"
"1","   .."
"1",""
"1","@ "
"1",""
"1","format.spss  "
"1",""
"1",":"
"1"," chr "
"1",""
"1","""F2.0"""
"1",""
"1","
"
"1","   .."
"1",""
"1","@ "
"1",""
"1","display_width"
"1",""
"1",":"
"1"," int "
"1",""
"1","10"
"1",""
"1","
"
"1","   .."
"1",""
"1","@ "
"1",""
"1","labels       "
"1",""
"1",":"
"1"," Named num [1:16] "
"1",""
"1","1 2 3 4 5 6 7 8 9 10"
"1",""
"1"," ..."
"1",""
"1","
"
"1","   .. .."
"1",""
"1","- attr(*, ""names"")="
"1"," chr [1:16] "
"1",""
"1","""DK (Demokratikus Koalíció)"" ""Együtt2014 Mozgalom"" ""Fidesz (Fidesz Magyar Polgári Párt)"" ""Jobbik (Jobbik Magyarországért Mozgalom)"""
"1",""
"1"," ..."
"1",""
"1","
"
"1"," "
"1",""
"1","$ "
"1",""
"1","prtvtcie"
"1",""
"1",":"
"1"," dbl+lbl [1:49519] NA, NA, NA, NA, NA, NA, NA, NA, NA, NA, NA, NA, NA, NA,...
"
"1","   .."
"1",""
"1","@ "
"1",""
"1","label        "
"1",""
"1",":"
"1"," chr "
"1",""
"1","""Party voted for in last national election, Ireland (derived from 1st preference vote)"""
"1",""
"1","
"
"1","   .."
"1",""
"1","@ "
"1",""
"1","format.spss  "
"1",""
"1",":"
"1"," chr "
"1",""
"1","""F2.0"""
"1",""
"1","
"
"1","   .."
"1",""
"1","@ "
"1",""
"1","display_width"
"1",""
"1",":"
"1"," int "
"1",""
"1","10"
"1",""
"1","
"
"1","   .."
"1",""
"1","@ "
"1",""
"1","labels       "
"1",""
"1",":"
"1"," Named num [1:14] "
"1",""
"1","1 2 3 4 5 6 7 8 9 10"
"1",""
"1"," ..."
"1",""
"1","
"
"1","   .. .."
"1",""
"1","- attr(*, ""names"")="
"1"," chr [1:14] "
"1",""
"1",""" Anti-Austerity Alliance - People Before Profit"" ""Fianna Fáil"" ""Fine Gael"" ""Green Party"""
"1",""
"1"," ..."
"1",""
"1","
"
"1"," "
"1",""
"1","$ "
"1",""
"1","prtvtcis"
"1",""
"1",":"
"1"," dbl+lbl [1:49519] NA, NA, NA, NA, NA, NA, NA, NA, NA, NA, NA, NA, NA, NA,...
"
"1","   .."
"1",""
"1","@ "
"1",""
"1","label        "
"1",""
"1",":"
"1"," chr "
"1",""
"1","""Party voted for in last national election, Iceland"""
"1",""
"1","
"
"1","   .."
"1",""
"1","@ "
"1",""
"1","format.spss  "
"1",""
"1",":"
"1"," chr "
"1",""
"1","""F2.0"""
"1",""
"1","
"
"1","   .."
"1",""
"1","@ "
"1",""
"1","display_width"
"1",""
"1",":"
"1"," int "
"1",""
"1","10"
"1",""
"1","
"
"1","   .."
"1",""
"1","@ "
"1",""
"1","labels       "
"1",""
"1",":"
"1"," Named num [1:19] "
"1",""
"1","1 2 3 4 5 6 7 8 9 10"
"1",""
"1"," ..."
"1",""
"1","
"
"1","   .. .."
"1",""
"1","- attr(*, ""names"")="
"1"," chr [1:19] "
"1",""
"1","""Sjálfstæðisflokkinn"" ""Framsóknarflokkinn"" ""Vinstri hreyfinguna - grænt framboð"" ""Samfylkinguna"""
"1",""
"1"," ..."
"1",""
"1","
"
"1"," "
"1",""
"1","$ "
"1",""
"1","prtvtcit"
"1",""
"1",":"
"1"," dbl+lbl [1:49519] NA, NA, NA, NA, NA, NA, NA, NA, NA, NA, NA, NA, NA, NA,...
"
"1","   .."
"1",""
"1","@ "
"1",""
"1","label        "
"1",""
"1",":"
"1"," chr "
"1",""
"1","""Party voted for in last national election, Italy"""
"1",""
"1","
"
"1","   .."
"1",""
"1","@ "
"1",""
"1","format.spss  "
"1",""
"1",":"
"1"," chr "
"1",""
"1","""F2.0"""
"1",""
"1","
"
"1","   .."
"1",""
"1","@ "
"1",""
"1","display_width"
"1",""
"1",":"
"1"," int "
"1",""
"1","10"
"1",""
"1","
"
"1","   .."
"1",""
"1","@ "
"1",""
"1","labels       "
"1",""
"1",":"
"1"," Named num [1:18] "
"1",""
"1","1 2 3 4 5 6 7 8 9 10"
"1",""
"1"," ..."
"1",""
"1","
"
"1","   .. .."
"1",""
"1","- attr(*, ""names"")="
"1"," chr [1:18] "
"1",""
"1","""Partido Democratico (PD)"" ""+ Europa"" ""Italia Europa Insieme"" ""Civia Popolare Lorenzin"""
"1",""
"1"," ..."
"1",""
"1","
"
"1"," "
"1",""
"1","$ "
"1",""
"1","prtvblt1"
"1",""
"1",":"
"1"," dbl+lbl [1:49519] NA, NA, NA, NA, NA, NA, NA, NA, NA, NA, NA, NA, NA, NA,...
"
"1","   .."
"1",""
"1","@ "
"1",""
"1","label        "
"1",""
"1",":"
"1"," chr "
"1",""
"1","""Party voted for in last national election 1, Lithuania (first vote, party)"""
"1",""
"1","
"
"1","   .."
"1",""
"1","@ "
"1",""
"1","format.spss  "
"1",""
"1",":"
"1"," chr "
"1",""
"1","""F2.0"""
"1",""
"1","
"
"1","   .."
"1",""
"1","@ "
"1",""
"1","display_width"
"1",""
"1",":"
"1"," int "
"1",""
"1","10"
"1",""
"1","
"
"1","   .."
"1",""
"1","@ "
"1",""
"1","labels       "
"1",""
"1",":"
"1"," Named num [1:21] "
"1",""
"1","1 2 3 4 5 6 7 8 9 10"
"1",""
"1"," ..."
"1",""
"1","
"
"1","   .. .."
"1",""
"1","- attr(*, ""names"")="
"1"," chr [1:21] "
"1",""
"1","""Lithuanian Social Democratic Party (LSDP)"" ""Homeland Union - Lithuanian Christian Democrats (TS-LKD)"" ""Lithuanian Freedom Union (Liberals) (LLSL)"" ""Coalition of S. Buškevicius and the Nationalists 'Against corruption and poverty' (Party 'Young Lithuania', Nationalis"""
"1",""
"1"," ..."
"1",""
"1","
"
"1"," "
"1",""
"1","$ "
"1",""
"1","prtvblt2"
"1",""
"1",":"
"1"," dbl+lbl [1:49519] NA, NA, NA, NA, NA, NA, NA, NA, NA, NA, NA, NA, NA, NA,...
"
"1","   .."
"1",""
"1","@ "
"1",""
"1","label        "
"1",""
"1",":"
"1"," chr "
"1",""
"1","""Party voted for in last national election 2, Lithuania (second vote, party)"""
"1",""
"1","
"
"1","   .."
"1",""
"1","@ "
"1",""
"1","format.spss  "
"1",""
"1",":"
"1"," chr "
"1",""
"1","""F2.0"""
"1",""
"1","
"
"1","   .."
"1",""
"1","@ "
"1",""
"1","display_width"
"1",""
"1",":"
"1"," int "
"1",""
"1","10"
"1",""
"1","
"
"1","   .."
"1",""
"1","@ "
"1",""
"1","labels       "
"1",""
"1",":"
"1"," Named num [1:24] "
"1",""
"1","1 2 3 4 5 6 7 8 9 10"
"1",""
"1"," ..."
"1",""
"1","
"
"1","   .. .."
"1",""
"1","- attr(*, ""names"")="
"1"," chr [1:24] "
"1",""
"1","""Lithuanian Social Democratic Party (LSDP)"" ""Homeland Union - Lithuanian Christian Democrats (TS-LKD)"" ""Lithuanian Freedom Union (Liberals) (LLSL)"" ""Party 'Young Lithuania' (JL)"""
"1",""
"1"," ..."
"1",""
"1","
"
"1"," "
"1",""
"1","$ "
"1",""
"1","prtvblt3"
"1",""
"1",":"
"1"," dbl+lbl [1:49519] NA, NA, NA, NA, NA, NA, NA, NA, NA, NA, NA, NA, NA, NA,...
"
"1","   .."
"1",""
"1","@ "
"1",""
"1","label        "
"1",""
"1",":"
"1"," chr "
"1",""
"1","""Party voted for in last national election 3, Lithuania (third vote, party)"""
"1",""
"1","
"
"1","   .."
"1",""
"1","@ "
"1",""
"1","format.spss  "
"1",""
"1",":"
"1"," chr "
"1",""
"1","""F2.0"""
"1",""
"1","
"
"1","   .."
"1",""
"1","@ "
"1",""
"1","display_width"
"1",""
"1",":"
"1"," int "
"1",""
"1","10"
"1",""
"1","
"
"1","   .."
"1",""
"1","@ "
"1",""
"1","labels       "
"1",""
"1",":"
"1"," Named num [1:25] "
"1",""
"1","1 2 3 4 5 6 7 8 9 10"
"1",""
"1"," ..."
"1",""
"1","
"
"1","   .. .."
"1",""
"1","- attr(*, ""names"")="
"1"," chr [1:25] "
"1",""
"1","""Lithuanian Social Democratic Party (LSDP)"" ""Homeland Union - Lithuanian Christian Democrats (TS-LKD)"" ""Lithuanian Freedom Union (Liberals) (LLSL)"" ""Party 'Young Lithuania' (JL)"""
"1",""
"1"," ..."
"1",""
"1","
"
"1"," "
"1",""
"1","$ "
"1",""
"1","prtvtalv"
"1",""
"1",":"
"1"," dbl+lbl [1:49519] NA, NA, NA, NA, NA, NA, NA, NA, NA, NA, NA, NA, NA, NA,...
"
"1","   .."
"1",""
"1","@ "
"1",""
"1","label        "
"1",""
"1",":"
"1"," chr "
"1",""
"1","""Party voted for in last national election, Latvia"""
"1",""
"1","
"
"1","   .."
"1",""
"1","@ "
"1",""
"1","format.spss  "
"1",""
"1",":"
"1"," chr "
"1",""
"1","""F2.0"""
"1",""
"1","
"
"1","   .."
"1",""
"1","@ "
"1",""
"1","display_width"
"1",""
"1",":"
"1"," int "
"1",""
"1","10"
"1",""
"1","
"
"1","   .."
"1",""
"1","@ "
"1",""
"1","labels       "
"1",""
"1",":"
"1"," Named num [1:21] "
"1",""
"1","1 2 3 4 5 6 7 8 9 10"
"1",""
"1"," ..."
"1",""
"1","
"
"1","   .. .."
"1",""
"1","- attr(*, ""names"")="
"1"," chr [1:21] "
"1",""
"1","""Latvijas Krievu savieniba"" ""Jauna konservativa partija"" ""Ricibas partija"" ""Nacionala apvieniba 'Visu Latvijai!' - 'Tevzemei un Brivibai/LNNK'"""
"1",""
"1"," ..."
"1",""
"1","
"
"1"," "
"1",""
"1","$ "
"1",""
"1","prtvtme "
"1",""
"1",":"
"1"," dbl+lbl [1:49519] NA, NA, NA, NA, NA, NA, NA, NA, NA, NA, NA, NA, NA, NA,...
"
"1","   .."
"1",""
"1","@ "
"1",""
"1","label        "
"1",""
"1",":"
"1"," chr "
"1",""
"1","""Party voted for in last national election, Montenegro"""
"1",""
"1","
"
"1","   .."
"1",""
"1","@ "
"1",""
"1","format.spss  "
"1",""
"1",":"
"1"," chr "
"1",""
"1","""F2.0"""
"1",""
"1","
"
"1","   .."
"1",""
"1","@ "
"1",""
"1","display_width"
"1",""
"1",":"
"1"," int "
"1",""
"1","9"
"1",""
"1","
"
"1","   .."
"1",""
"1","@ "
"1",""
"1","labels       "
"1",""
"1",":"
"1"," Named num [1:22] "
"1",""
"1","1 2 3 4 5 6 7 8 9 10"
"1",""
"1"," ..."
"1",""
"1","
"
"1","   .. .."
"1",""
"1","- attr(*, ""names"")="
"1"," chr [1:22] "
"1",""
"1","""Albanci odlucno - Forca, DUA, AAA"" ""SDP - Ranko Krivokapic"" ""Albanska koalicija 'Sa jednim ciljem' - DP, GI, DS U CG i Perspektiva"" ""Alternativa Crna Gora"""
"1",""
"1"," ..."
"1",""
"1","
"
"1"," "
"1",""
"1","$ "
"1",""
"1","prtvtgnl"
"1",""
"1",":"
"1"," dbl+lbl [1:49519] NA, NA, NA, NA, NA, NA, NA, NA, NA, NA, NA, NA, NA, NA,...
"
"1","   .."
"1",""
"1","@ "
"1",""
"1","label        "
"1",""
"1",":"
"1"," chr "
"1",""
"1","""Party voted for in last national election, Netherlands"""
"1",""
"1","
"
"1","   .."
"1",""
"1","@ "
"1",""
"1","format.spss  "
"1",""
"1",":"
"1"," chr "
"1",""
"1","""F2.0"""
"1",""
"1","
"
"1","   .."
"1",""
"1","@ "
"1",""
"1","display_width"
"1",""
"1",":"
"1"," int "
"1",""
"1","10"
"1",""
"1","
"
"1","   .."
"1",""
"1","@ "
"1",""
"1","labels       "
"1",""
"1",":"
"1"," Named num [1:20] "
"1",""
"1","1 2 3 4 5 6 7 8 9 10"
"1",""
"1"," ..."
"1",""
"1","
"
"1","   .. .."
"1",""
"1","- attr(*, ""names"")="
"1"," chr [1:20] "
"1",""
"1","""People's Party for Freedom and Democracy"" ""Labour Party"" ""Party for Freedom"" ""Socialist Party"""
"1",""
"1"," ..."
"1",""
"1","
"
"1"," "
"1",""
"1","$ "
"1",""
"1","prtvtbno"
"1",""
"1",":"
"1"," dbl+lbl [1:49519] NA, NA, NA, NA, NA, NA, NA, NA, NA, NA, NA, NA, NA, NA,...
"
"1","   .."
"1",""
"1","@ "
"1",""
"1","label        "
"1",""
"1",":"
"1"," chr "
"1",""
"1","""Party voted for in last national election, Norway"""
"1",""
"1","
"
"1","   .."
"1",""
"1","@ "
"1",""
"1","format.spss  "
"1",""
"1",":"
"1"," chr "
"1",""
"1","""F2.0"""
"1",""
"1","
"
"1","   .."
"1",""
"1","@ "
"1",""
"1","display_width"
"1",""
"1",":"
"1"," int "
"1",""
"1","10"
"1",""
"1","
"
"1","   .."
"1",""
"1","@ "
"1",""
"1","labels       "
"1",""
"1",":"
"1"," Named num [1:15] "
"1",""
"1","1 2 3 4 5 6 7 8 9 10"
"1",""
"1"," ..."
"1",""
"1","
"
"1","   .. .."
"1",""
"1","- attr(*, ""names"")="
"1"," chr [1:15] "
"1",""
"1","""Rødt"" ""Sosialistisk Venstreparti"" ""Arbeiderpartiet"" ""Venstre"""
"1",""
"1"," ..."
"1",""
"1","
"
"1"," "
"1",""
"1","$ "
"1",""
"1","prtvtdpl"
"1",""
"1",":"
"1"," dbl+lbl [1:49519] NA, NA, NA, NA, NA, NA, NA, NA, NA, NA, NA, NA, NA, NA,...
"
"1","   .."
"1",""
"1","@ "
"1",""
"1","label        "
"1",""
"1",":"
"1"," chr "
"1",""
"1","""Party voted for in last national election, Poland"""
"1",""
"1","
"
"1","   .."
"1",""
"1","@ "
"1",""
"1","format.spss  "
"1",""
"1",":"
"1"," chr "
"1",""
"1","""F2.0"""
"1",""
"1","
"
"1","   .."
"1",""
"1","@ "
"1",""
"1","display_width"
"1",""
"1",":"
"1"," int "
"1",""
"1","10"
"1",""
"1","
"
"1","   .."
"1",""
"1","@ "
"1",""
"1","labels       "
"1",""
"1",":"
"1"," Named num [1:13] "
"1",""
"1","1 2 3 4 5 6 7 8 9 66"
"1",""
"1"," ..."
"1",""
"1","
"
"1","   .. .."
"1",""
"1","- attr(*, ""names"")="
"1"," chr [1:13] "
"1",""
"1","""KORWiN"" ""Kukiz'15"" ""Nowoczesna"" ""Platforma Obywatelska"""
"1",""
"1"," ..."
"1",""
"1","
"
"1"," "
"1",""
"1","$ "
"1",""
"1","prtvtcpt"
"1",""
"1",":"
"1"," dbl+lbl [1:49519] NA, NA, NA, NA, NA, NA, NA, NA, NA, NA, NA, NA, NA, NA,...
"
"1","   .."
"1",""
"1","@ "
"1",""
"1","label        "
"1",""
"1",":"
"1"," chr "
"1",""
"1","""Party voted for in last national election, Portugal"""
"1",""
"1","
"
"1","   .."
"1",""
"1","@ "
"1",""
"1","format.spss  "
"1",""
"1",":"
"1"," chr "
"1",""
"1","""F2.0"""
"1",""
"1","
"
"1","   .."
"1",""
"1","@ "
"1",""
"1","display_width"
"1",""
"1",":"
"1"," int "
"1",""
"1","10"
"1",""
"1","
"
"1","   .."
"1",""
"1","@ "
"1",""
"1","labels       "
"1",""
"1",":"
"1"," Named num [1:22] "
"1",""
"1","1 2 3 4 5 6 7 8 9 10"
"1",""
"1"," ..."
"1",""
"1","
"
"1","   .. .."
"1",""
"1","- attr(*, ""names"")="
"1"," chr [1:22] "
"1",""
"1","""PTP-MAS - Agir"" ""B.E. - Bloco de Esquerda"" ""PCP-PEV - CDU - Coligação Democrática Unitária"" ""JPP - Juntos pelo Povo"""
"1",""
"1"," ..."
"1",""
"1","
"
"1"," "
"1",""
"1","$ "
"1",""
"1","prtvtrs "
"1",""
"1",":"
"1"," dbl+lbl [1:49519] NA, NA, NA, NA, NA, NA, NA, NA, NA, NA, NA, NA, NA, NA,...
"
"1","   .."
"1",""
"1","@ "
"1",""
"1","label        "
"1",""
"1",":"
"1"," chr "
"1",""
"1","""Party voted for in last national election, Serbia"""
"1",""
"1","
"
"1","   .."
"1",""
"1","@ "
"1",""
"1","format.spss  "
"1",""
"1",":"
"1"," chr "
"1",""
"1","""F2.0"""
"1",""
"1","
"
"1","   .."
"1",""
"1","@ "
"1",""
"1","display_width"
"1",""
"1",":"
"1"," int "
"1",""
"1","9"
"1",""
"1","
"
"1","   .."
"1",""
"1","@ "
"1",""
"1","labels       "
"1",""
"1",":"
"1"," Named num [1:17] "
"1",""
"1","1 2 3 4 5 6 7 8 9 10"
"1",""
"1"," ..."
"1",""
"1","
"
"1","   .. .."
"1",""
"1","- attr(*, ""names"")="
"1"," chr [1:17] "
"1",""
"1","""Aleksandar Vucic-Srbija pobeduje"" ""Boris Tadic, Cedomir Jovanovic - Savez za bolju Srbiju - LDP, LSV, SDS"" ""Borko Stefanovic - Srbija za sve nas"" ""Dosta je bilo - Saša Radulovic"""
"1",""
"1"," ..."
"1",""
"1","
"
"1"," "
"1",""
"1","$ "
"1",""
"1","prtvtcse"
"1",""
"1",":"
"1"," dbl+lbl [1:49519] NA, NA, NA, NA, NA, NA, NA, NA, NA, NA, NA, NA, NA, NA,...
"
"1","   .."
"1",""
"1","@ "
"1",""
"1","label        "
"1",""
"1",":"
"1"," chr "
"1",""
"1","""Party voted for in last national election, Sweden"""
"1",""
"1","
"
"1","   .."
"1",""
"1","@ "
"1",""
"1","format.spss  "
"1",""
"1",":"
"1"," chr "
"1",""
"1","""F2.0"""
"1",""
"1","
"
"1","   .."
"1",""
"1","@ "
"1",""
"1","display_width"
"1",""
"1",":"
"1"," int "
"1",""
"1","10"
"1",""
"1","
"
"1","   .."
"1",""
"1","@ "
"1",""
"1","labels       "
"1",""
"1",":"
"1"," Named num [1:14] "
"1",""
"1","1 2 3 4 5 6 7 8 9 10"
"1",""
"1"," ..."
"1",""
"1","
"
"1","   .. .."
"1",""
"1","- attr(*, ""names"")="
"1"," chr [1:14] "
"1",""
"1","""Centern"" ""Folkpartiet liberalerna"" ""Kristdemokraterna"" ""Miljöpartiet de gröna"""
"1",""
"1"," ..."
"1",""
"1","
"
"1"," "
"1",""
"1","$ "
"1",""
"1","prtvtfsi"
"1",""
"1",":"
"1"," dbl+lbl [1:49519] NA, NA, NA, NA, NA, NA, NA, NA, NA, NA, NA, NA, NA, NA,...
"
"1","   .."
"1",""
"1","@ "
"1",""
"1","label        "
"1",""
"1",":"
"1"," chr "
"1",""
"1","""Party voted for in last national election, Slovenia"""
"1",""
"1","
"
"1","   .."
"1",""
"1","@ "
"1",""
"1","format.spss  "
"1",""
"1",":"
"1"," chr "
"1",""
"1","""F2.0"""
"1",""
"1","
"
"1","   .."
"1",""
"1","@ "
"1",""
"1","display_width"
"1",""
"1",":"
"1"," int "
"1",""
"1","10"
"1",""
"1","
"
"1","   .."
"1",""
"1","@ "
"1",""
"1","labels       "
"1",""
"1",":"
"1"," Named num [1:16] "
"1",""
"1","1 2 3 4 5 6 7 8 9 10"
"1",""
"1"," ..."
"1",""
"1","
"
"1","   .. .."
"1",""
"1","- attr(*, ""names"")="
"1"," chr [1:16] "
"1",""
"1","""DESUS - Demokraticna stranka upokojencev Slovenije"" ""L - Levica"" ""LMŠ - Lista Marjana Šarca"" ""NSI - Nova Slovenija – Kršcanski demokrati"""
"1",""
"1"," ..."
"1",""
"1","
"
"1"," "
"1",""
"1","$ "
"1",""
"1","prtvtdsk"
"1",""
"1",":"
"1"," dbl+lbl [1:49519] NA, NA, NA, NA, NA, NA, NA, NA, NA, NA, NA, NA, NA, NA,...
"
"1","   .."
"1",""
"1","@ "
"1",""
"1","label        "
"1",""
"1",":"
"1"," chr "
"1",""
"1","""Party voted for in last national election, Slovakia"""
"1",""
"1","
"
"1","   .."
"1",""
"1","@ "
"1",""
"1","format.spss  "
"1",""
"1",":"
"1"," chr "
"1",""
"1","""F2.0"""
"1",""
"1","
"
"1","   .."
"1",""
"1","@ "
"1",""
"1","display_width"
"1",""
"1",":"
"1"," int "
"1",""
"1","10"
"1",""
"1","
"
"1","   .."
"1",""
"1","@ "
"1",""
"1","labels       "
"1",""
"1",":"
"1"," Named num [1:13] "
"1",""
"1","1 2 3 4 5 6 7 8 9 66"
"1",""
"1"," ..."
"1",""
"1","
"
"1","   .. .."
"1",""
"1","- attr(*, ""names"")="
"1"," chr [1:13] "
"1",""
"1","""Obycajní Ludia a nezávislé osobnosti"" ""Slovenská národná strana (SNS)"" ""Smer – SD"" ""Most–Híd"""
"1",""
"1"," ..."
"1",""
"1","
"
"1"," "
"1",""
"1","$ "
"1",""
"1","contplt "
"1",""
"1",":"
"1"," dbl+lbl [1:49519] 2, 2, 2, 1, 2, 2, 1, 2, 2, 2, 2, 1, 1, 2, 2, 2, 2, 2, 2...
"
"1","   .."
"1",""
"1","@ "
"1",""
"1","label        "
"1",""
"1",":"
"1"," chr "
"1",""
"1","""Contacted politician or government official last 12 months"""
"1",""
"1","
"
"1","   .."
"1",""
"1","@ "
"1",""
"1","format.spss  "
"1",""
"1",":"
"1"," chr "
"1",""
"1","""F1.0"""
"1",""
"1","
"
"1","   .."
"1",""
"1","@ "
"1",""
"1","display_width"
"1",""
"1",":"
"1"," int "
"1",""
"1","9"
"1",""
"1","
"
"1","   .."
"1",""
"1","@ "
"1",""
"1","labels       "
"1",""
"1",":"
"1"," Named num [1:5] "
"1",""
"1","1 2 7 8 9"
"1",""
"1","
"
"1","   .. .."
"1",""
"1","- attr(*, ""names"")="
"1"," chr [1:5] "
"1",""
"1","""Yes"" ""No"" ""Refusal"" ""Don't know"""
"1",""
"1"," ..."
"1",""
"1","
"
"1"," "
"1",""
"1","$ "
"1",""
"1","wrkprty "
"1",""
"1",":"
"1"," dbl+lbl [1:49519] 2, 2, 2, 2, 2, 2, 2, 2, 2, 2, 2, 1, 2, 2, 2, 2, 2, 2, 2...
"
"1","   .."
"1",""
"1","@ "
"1",""
"1","label        "
"1",""
"1",":"
"1"," chr "
"1",""
"1","""Worked in political party or action group last 12 months"""
"1",""
"1","
"
"1","   .."
"1",""
"1","@ "
"1",""
"1","format.spss  "
"1",""
"1",":"
"1"," chr "
"1",""
"1","""F1.0"""
"1",""
"1","
"
"1","   .."
"1",""
"1","@ "
"1",""
"1","display_width"
"1",""
"1",":"
"1"," int "
"1",""
"1","9"
"1",""
"1","
"
"1","   .."
"1",""
"1","@ "
"1",""
"1","labels       "
"1",""
"1",":"
"1"," Named num [1:5] "
"1",""
"1","1 2 7 8 9"
"1",""
"1","
"
"1","   .. .."
"1",""
"1","- attr(*, ""names"")="
"1"," chr [1:5] "
"1",""
"1","""Yes"" ""No"" ""Refusal"" ""Don't know"""
"1",""
"1"," ..."
"1",""
"1","
"
"1"," "
"1",""
"1","$ "
"1",""
"1","wrkorg  "
"1",""
"1",":"
"1"," dbl+lbl [1:49519] 2, 2, 2, 2, 2, 2, 2, 2, 2, 2, 2, 1, 2, 2, 2, 2, 2, 2, 2...
"
"1","   .."
"1",""
"1","@ "
"1",""
"1","label      "
"1",""
"1",":"
"1"," chr "
"1",""
"1","""Worked in another organisation or association last 12 months"""
"1",""
"1","
"
"1","   .."
"1",""
"1","@ "
"1",""
"1","format.spss"
"1",""
"1",":"
"1"," chr "
"1",""
"1","""F1.0"""
"1",""
"1","
"
"1","   .."
"1",""
"1","@ "
"1",""
"1","labels     "
"1",""
"1",":"
"1"," Named num [1:5] "
"1",""
"1","1 2 7 8 9"
"1",""
"1","
"
"1","   .. .."
"1",""
"1","- attr(*, ""names"")="
"1"," chr [1:5] "
"1",""
"1","""Yes"" ""No"" ""Refusal"" ""Don't know"""
"1",""
"1"," ..."
"1",""
"1","
"
"1"," "
"1",""
"1","$ "
"1",""
"1","badge   "
"1",""
"1",":"
"1"," dbl+lbl [1:49519] 2, 2, 2, 2, 2, 2, 2, 2, 2, 2, 2, 2, 2, 2, 2, 1, 2, 2, 2...
"
"1","   .."
"1",""
"1","@ "
"1",""
"1","label        "
"1",""
"1",":"
"1"," chr "
"1",""
"1","""Worn or displayed campaign badge/sticker last 12 months"""
"1",""
"1","
"
"1","   .."
"1",""
"1","@ "
"1",""
"1","format.spss  "
"1",""
"1",":"
"1"," chr "
"1",""
"1","""F1.0"""
"1",""
"1","
"
"1","   .."
"1",""
"1","@ "
"1",""
"1","display_width"
"1",""
"1",":"
"1"," int "
"1",""
"1","7"
"1",""
"1","
"
"1","   .."
"1",""
"1","@ "
"1",""
"1","labels       "
"1",""
"1",":"
"1"," Named num [1:5] "
"1",""
"1","1 2 7 8 9"
"1",""
"1","
"
"1","   .. .."
"1",""
"1","- attr(*, ""names"")="
"1"," chr [1:5] "
"1",""
"1","""Yes"" ""No"" ""Refusal"" ""Don't know"""
"1",""
"1"," ..."
"1",""
"1","
"
"1"," "
"1",""
"1","$ "
"1",""
"1","sgnptit "
"1",""
"1",":"
"1"," dbl+lbl [1:49519] 1, 2, 2, 2, 2, 2, 1, 2, 2, 2, 2, 1, 1, 2, 2, 1, 1, 2, 1...
"
"1","   .."
"1",""
"1","@ "
"1",""
"1","label        "
"1",""
"1",":"
"1"," chr "
"1",""
"1","""Signed petition last 12 months"""
"1",""
"1","
"
"1","   .."
"1",""
"1","@ "
"1",""
"1","format.spss  "
"1",""
"1",":"
"1"," chr "
"1",""
"1","""F1.0"""
"1",""
"1","
"
"1","   .."
"1",""
"1","@ "
"1",""
"1","display_width"
"1",""
"1",":"
"1"," int "
"1",""
"1","9"
"1",""
"1","
"
"1","   .."
"1",""
"1","@ "
"1",""
"1","labels       "
"1",""
"1",":"
"1"," Named num [1:5] "
"1",""
"1","1 2 7 8 9"
"1",""
"1","
"
"1","   .. .."
"1",""
"1","- attr(*, ""names"")="
"1"," chr [1:5] "
"1",""
"1","""Yes"" ""No"" ""Refusal"" ""Don't know"""
"1",""
"1"," ..."
"1",""
"1","
"
"1"," "
"1",""
"1","$ "
"1",""
"1","pbldmn  "
"1",""
"1",":"
"1"," dbl+lbl [1:49519] 2, 2, 2, 2, 2, 2, 2, 2, 2, 2, 2, 2, 2, 2, 2, 1, 2, 2, 2...
"
"1","   .."
"1",""
"1","@ "
"1",""
"1","label      "
"1",""
"1",":"
"1"," chr "
"1",""
"1","""Taken part in lawful public demonstration last 12 months"""
"1",""
"1","
"
"1","   .."
"1",""
"1","@ "
"1",""
"1","format.spss"
"1",""
"1",":"
"1"," chr "
"1",""
"1","""F1.0"""
"1",""
"1","
"
"1","   .."
"1",""
"1","@ "
"1",""
"1","labels     "
"1",""
"1",":"
"1"," Named num [1:5] "
"1",""
"1","1 2 7 8 9"
"1",""
"1","
"
"1","   .. .."
"1",""
"1","- attr(*, ""names"")="
"1"," chr [1:5] "
"1",""
"1","""Yes"" ""No"" ""Refusal"" ""Don't know"""
"1",""
"1"," ..."
"1",""
"1","
"
"1"," "
"1",""
"1","$ "
"1",""
"1","bctprd  "
"1",""
"1",":"
"1"," dbl+lbl [1:49519] 2, 2, 2, 2, 2, 2, 2, 2, 2, 2, 2, 1, 2, 2, 2, 1, 1, 2, 2...
"
"1","   .."
"1",""
"1","@ "
"1",""
"1","label      "
"1",""
"1",":"
"1"," chr "
"1",""
"1","""Boycotted certain products last 12 months"""
"1",""
"1","
"
"1","   .."
"1",""
"1","@ "
"1",""
"1","format.spss"
"1",""
"1",":"
"1"," chr "
"1",""
"1","""F1.0"""
"1",""
"1","
"
"1","   .."
"1",""
"1","@ "
"1",""
"1","labels     "
"1",""
"1",":"
"1"," Named num [1:5] "
"1",""
"1","1 2 7 8 9"
"1",""
"1","
"
"1","   .. .."
"1",""
"1","- attr(*, ""names"")="
"1"," chr [1:5] "
"1",""
"1","""Yes"" ""No"" ""Refusal"" ""Don't know"""
"1",""
"1"," ..."
"1",""
"1","
"
"1"," "
"1",""
"1","$ "
"1",""
"1","pstplonl"
"1",""
"1",":"
"1"," dbl+lbl [1:49519] 1, 2, 2, 2, 2, 2, 2, 2, 2, 2, 2, 2, 2, 2, 2, 1, 2, 2, 2...
"
"1","   .."
"1",""
"1","@ "
"1",""
"1","label        "
"1",""
"1",":"
"1"," chr "
"1",""
"1","""Posted or shared anything about politics online last 12 months"""
"1",""
"1","
"
"1","   .."
"1",""
"1","@ "
"1",""
"1","format.spss  "
"1",""
"1",":"
"1"," chr "
"1",""
"1","""F1.0"""
"1",""
"1","
"
"1","   .."
"1",""
"1","@ "
"1",""
"1","display_width"
"1",""
"1",":"
"1"," int "
"1",""
"1","10"
"1",""
"1","
"
"1","   .."
"1",""
"1","@ "
"1",""
"1","labels       "
"1",""
"1",":"
"1"," Named num [1:5] "
"1",""
"1","1 2 7 8 9"
"1",""
"1","
"
"1","   .. .."
"1",""
"1","- attr(*, ""names"")="
"1"," chr [1:5] "
"1",""
"1","""Yes"" ""No"" ""Refusal"" ""Don't know"""
"1",""
"1"," ..."
"1",""
"1","
"
"1"," "
"1",""
"1","$ "
"1",""
"1","clsprty "
"1",""
"1",":"
"1"," dbl+lbl [1:49519] 1, 1, 1, 1, 1, 1, 1, 2, 2, 1, 2, 1, 2, 2, 2, 2, 1, 2, 2...
"
"1","   .."
"1",""
"1","@ "
"1",""
"1","label        "
"1",""
"1",":"
"1"," chr "
"1",""
"1","""Feel closer to a particular party than all other parties"""
"1",""
"1","
"
"1","   .."
"1",""
"1","@ "
"1",""
"1","format.spss  "
"1",""
"1",":"
"1"," chr "
"1",""
"1","""F1.0"""
"1",""
"1","
"
"1","   .."
"1",""
"1","@ "
"1",""
"1","display_width"
"1",""
"1",":"
"1"," int "
"1",""
"1","9"
"1",""
"1","
"
"1","   .."
"1",""
"1","@ "
"1",""
"1","labels       "
"1",""
"1",":"
"1"," Named num [1:5] "
"1",""
"1","1 2 7 8 9"
"1",""
"1","
"
"1","   .. .."
"1",""
"1","- attr(*, ""names"")="
"1"," chr [1:5] "
"1",""
"1","""Yes"" ""No"" ""Refusal"" ""Don't know"""
"1",""
"1"," ..."
"1",""
"1","
"
"1"," "
"1",""
"1","$ "
"1",""
"1","prtcldat"
"1",""
"1",":"
"1"," dbl+lbl [1:49519]  3,  1,  2,  2,  2,  1,  1, NA, NA,  3, NA,  5, NA, NA,...
"
"1","   .."
"1",""
"1","@ "
"1",""
"1","label        "
"1",""
"1",":"
"1"," chr "
"1",""
"1","""Which party feel closer to, Austria"""
"1",""
"1","
"
"1","   .."
"1",""
"1","@ "
"1",""
"1","format.spss  "
"1",""
"1",":"
"1"," chr "
"1",""
"1","""F2.0"""
"1",""
"1","
"
"1","   .."
"1",""
"1","@ "
"1",""
"1","display_width"
"1",""
"1",":"
"1"," int "
"1",""
"1","10"
"1",""
"1","
"
"1","   .."
"1",""
"1","@ "
"1",""
"1","labels       "
"1",""
"1",":"
"1"," Named num [1:13] "
"1",""
"1","1 2 3 4 5 6 7 8 9 66"
"1",""
"1"," ..."
"1",""
"1","
"
"1","   .. .."
"1",""
"1","- attr(*, ""names"")="
"1"," chr [1:13] "
"1",""
"1","""SPÖ"" ""ÖVP"" ""FPÖ"" ""PILZ"""
"1",""
"1"," ..."
"1",""
"1","
"
"1"," "
"1",""
"1","$ "
"1",""
"1","prtcldbe"
"1",""
"1",":"
"1"," dbl+lbl [1:49519] NA, NA, NA, NA, NA, NA, NA, NA, NA, NA, NA, NA, NA, NA,...
"
"1","   .."
"1",""
"1","@ "
"1",""
"1","label        "
"1",""
"1",":"
"1"," chr "
"1",""
"1","""Which party feel closer to, Belgium"""
"1",""
"1","
"
"1","   .."
"1",""
"1","@ "
"1",""
"1","format.spss  "
"1",""
"1",":"
"1"," chr "
"1",""
"1","""F2.0"""
"1",""
"1","
"
"1","   .."
"1",""
"1","@ "
"1",""
"1","display_width"
"1",""
"1",":"
"1"," int "
"1",""
"1","10"
"1",""
"1","
"
"1","   .."
"1",""
"1","@ "
"1",""
"1","labels       "
"1",""
"1",":"
"1"," Named num [1:21] "
"1",""
"1","1 2 3 4 5 6 7 8 9 10"
"1",""
"1"," ..."
"1",""
"1","
"
"1","   .. .."
"1",""
"1","- attr(*, ""names"")="
"1"," chr [1:21] "
"1",""
"1","""Groen!"" ""CD&V"" ""N-VA"" ""Lijst Dedecker"""
"1",""
"1"," ..."
"1",""
"1","
"
"1"," "
"1",""
"1","$ "
"1",""
"1","prtcldbg"
"1",""
"1",":"
"1"," dbl+lbl [1:49519] NA, NA, NA, NA, NA, NA, NA, NA, NA, NA, NA, NA, NA, NA,...
"
"1","   .."
"1",""
"1","@ "
"1",""
"1","label        "
"1",""
"1",":"
"1"," chr "
"1",""
"1","""Which party feel closer to, Bulgaria"""
"1",""
"1","
"
"1","   .."
"1",""
"1","@ "
"1",""
"1","format.spss  "
"1",""
"1",":"
"1"," chr "
"1",""
"1","""F2.0"""
"1",""
"1","
"
"1","   .."
"1",""
"1","@ "
"1",""
"1","display_width"
"1",""
"1",":"
"1"," int "
"1",""
"1","10"
"1",""
"1","
"
"1","   .."
"1",""
"1","@ "
"1",""
"1","labels       "
"1",""
"1",":"
"1"," Named num [1:17] "
"1",""
"1","1 2 3 4 5 6 7 8 9 10"
"1",""
"1"," ..."
"1",""
"1","
"
"1","   .. .."
"1",""
"1","- attr(*, ""names"")="
"1"," chr [1:17] "
"1",""
"1","""Grazhdani za evropei<U+0306>sko razvitie na Bulgariya (GERB)"" ""Dvizhenie za prava i svobodi (DPS)"" ""PP Ataka"" ""Sotsialdemokraticheska partiya (BSDP)"""
"1",""
"1"," ..."
"1",""
"1","
"
"1"," "
"1",""
"1","$ "
"1",""
"1","prtclgch"
"1",""
"1",":"
"1"," dbl+lbl [1:49519] NA, NA, NA, NA, NA, NA, NA, NA, NA, NA, NA, NA, NA, NA,...
"
"1","   .."
"1",""
"1","@ "
"1",""
"1","label        "
"1",""
"1",":"
"1"," chr "
"1",""
"1","""Which party feel closer to, Switzerland"""
"1",""
"1","
"
"1","   .."
"1",""
"1","@ "
"1",""
"1","format.spss  "
"1",""
"1",":"
"1"," chr "
"1",""
"1","""F2.0"""
"1",""
"1","
"
"1","   .."
"1",""
"1","@ "
"1",""
"1","display_width"
"1",""
"1",":"
"1"," int "
"1",""
"1","10"
"1",""
"1","
"
"1","   .."
"1",""
"1","@ "
"1",""
"1","labels       "
"1",""
"1",":"
"1"," Named num [1:19] "
"1",""
"1","1 2 3 4 5 6 7 8 9 10"
"1",""
"1"," ..."
"1",""
"1","
"
"1","   .. .."
"1",""
"1","- attr(*, ""names"")="
"1"," chr [1:19] "
"1",""
"1","""Swiss People's Party"" ""Social Democratic Party / Socialist Party"" ""FDP. The Liberals"" ""Christian Democratic Party"""
"1",""
"1"," ..."
"1",""
"1","
"
"1"," "
"1",""
"1","$ "
"1",""
"1","prtclbcy"
"1",""
"1",":"
"1"," dbl+lbl [1:49519] NA, NA, NA, NA, NA, NA, NA, NA, NA, NA, NA, NA, NA, NA,...
"
"1","   .."
"1",""
"1","@ "
"1",""
"1","label        "
"1",""
"1",":"
"1"," chr "
"1",""
"1","""Which party feel closer to, Cyprus"""
"1",""
"1","
"
"1","   .."
"1",""
"1","@ "
"1",""
"1","format.spss  "
"1",""
"1",":"
"1"," chr "
"1",""
"1","""F2.0"""
"1",""
"1","
"
"1","   .."
"1",""
"1","@ "
"1",""
"1","display_width"
"1",""
"1",":"
"1"," int "
"1",""
"1","10"
"1",""
"1","
"
"1","   .."
"1",""
"1","@ "
"1",""
"1","labels       "
"1",""
"1",":"
"1"," Named num [1:13] "
"1",""
"1","1 2 3 4 5 6 7 8 9 66"
"1",""
"1"," ..."
"1",""
"1","
"
"1","   .. .."
"1",""
"1","- attr(*, ""names"")="
"1"," chr [1:13] "
"1",""
"1","""Progressive Party of Working People (AKEL)"" ""Democratic Party (DIKO)"" ""Democratic Rally (DISY)"" ""National Popular Front (ELAM)"""
"1",""
"1"," ..."
"1",""
"1","
"
"1"," "
"1",""
"1","$ "
"1",""
"1","prtclecz"
"1",""
"1",":"
"1"," dbl+lbl [1:49519] NA, NA, NA, NA, NA, NA, NA, NA, NA, NA, NA, NA, NA, NA,...
"
"1","   .."
"1",""
"1","@ "
"1",""
"1","label        "
"1",""
"1",":"
"1"," chr "
"1",""
"1","""Which party feel closer to, Czechia"""
"1",""
"1","
"
"1","   .."
"1",""
"1","@ "
"1",""
"1","format.spss  "
"1",""
"1",":"
"1"," chr "
"1",""
"1","""F2.0"""
"1",""
"1","
"
"1","   .."
"1",""
"1","@ "
"1",""
"1","display_width"
"1",""
"1",":"
"1"," int "
"1",""
"1","10"
"1",""
"1","
"
"1","   .."
"1",""
"1","@ "
"1",""
"1","labels       "
"1",""
"1",":"
"1"," Named num [1:14] "
"1",""
"1","1 2 3 4 5 6 7 8 9 10"
"1",""
"1"," ..."
"1",""
"1","
"
"1","   .. .."
"1",""
"1","- attr(*, ""names"")="
"1"," chr [1:14] "
"1",""
"1","""KSCM"" ""CSSD"" ""TOP 09"" ""ANO 2011"""
"1",""
"1"," ..."
"1",""
"1","
"
"1"," "
"1",""
"1","$ "
"1",""
"1","prtclede"
"1",""
"1",":"
"1"," dbl+lbl [1:49519] NA, NA, NA, NA, NA, NA, NA, NA, NA, NA, NA, NA, NA, NA,...
"
"1","   .."
"1",""
"1","@ "
"1",""
"1","label        "
"1",""
"1",":"
"1"," chr "
"1",""
"1","""Which party feel closer to, Germany"""
"1",""
"1","
"
"1","   .."
"1",""
"1","@ "
"1",""
"1","format.spss  "
"1",""
"1",":"
"1"," chr "
"1",""
"1","""F2.0"""
"1",""
"1","
"
"1","   .."
"1",""
"1","@ "
"1",""
"1","display_width"
"1",""
"1",":"
"1"," int "
"1",""
"1","10"
"1",""
"1","
"
"1","   .."
"1",""
"1","@ "
"1",""
"1","labels       "
"1",""
"1",":"
"1"," Named num [1:13] "
"1",""
"1","1 2 3 4 5 6 7 8 9 66"
"1",""
"1"," ..."
"1",""
"1","
"
"1","   .. .."
"1",""
"1","- attr(*, ""names"")="
"1"," chr [1:13] "
"1",""
"1","""Christian Democratic Union/Christian Social Union (CDU/CSU)"" ""Social Democratic Party (SPD)"" ""The Left (Die Linke)"" ""Alliance 90/The Greens (Bündnis 90/Die Grünen)"""
"1",""
"1"," ..."
"1",""
"1","
"
"1"," "
"1",""
"1","$ "
"1",""
"1","prtclddk"
"1",""
"1",":"
"1"," dbl+lbl [1:49519] NA, NA, NA, NA, NA, NA, NA, NA, NA, NA, NA, NA, NA, NA,...
"
"1","   .."
"1",""
"1","@ "
"1",""
"1","label        "
"1",""
"1",":"
"1"," chr "
"1",""
"1","""Which party feel closer to, Denmark"""
"1",""
"1","
"
"1","   .."
"1",""
"1","@ "
"1",""
"1","format.spss  "
"1",""
"1",":"
"1"," chr "
"1",""
"1","""F2.0"""
"1",""
"1","
"
"1","   .."
"1",""
"1","@ "
"1",""
"1","display_width"
"1",""
"1",":"
"1"," int "
"1",""
"1","10"
"1",""
"1","
"
"1","   .."
"1",""
"1","@ "
"1",""
"1","labels       "
"1",""
"1",":"
"1"," Named num [1:15] "
"1",""
"1","1 2 3 4 5 6 7 8 9 10"
"1",""
"1"," ..."
"1",""
"1","
"
"1","   .. .."
"1",""
"1","- attr(*, ""names"")="
"1"," chr [1:15] "
"1",""
"1","""Socialdemokratiet - The Social democrats"" ""Det Radikale Venstre - The Radical Liberal Party"" ""Det Konservative Folkeparti - Conservative People's Party"" ""SF Socialistisk Folkeparti - Socialist People's Party"""
"1",""
"1"," ..."
"1",""
"1","
"
"1"," "
"1",""
"1","$ "
"1",""
"1","prtclgee"
"1",""
"1",":"
"1"," dbl+lbl [1:49519] NA, NA, NA, NA, NA, NA, NA, NA, NA, NA, NA, NA, NA, NA,...
"
"1","   .."
"1",""
"1","@ "
"1",""
"1","label        "
"1",""
"1",":"
"1"," chr "
"1",""
"1","""Which party feel closer to, Estonia"""
"1",""
"1","
"
"1","   .."
"1",""
"1","@ "
"1",""
"1","format.spss  "
"1",""
"1",":"
"1"," chr "
"1",""
"1","""F2.0"""
"1",""
"1","
"
"1","   .."
"1",""
"1","@ "
"1",""
"1","display_width"
"1",""
"1",":"
"1"," int "
"1",""
"1","10"
"1",""
"1","
"
"1","   .."
"1",""
"1","@ "
"1",""
"1","labels       "
"1",""
"1",":"
"1"," Named num [1:15] "
"1",""
"1","1 2 3 4 5 6 9 10 11 12"
"1",""
"1"," ..."
"1",""
"1","
"
"1","   .. .."
"1",""
"1","- attr(*, ""names"")="
"1"," chr [1:15] "
"1",""
"1","""Eesti Reformierakond"" ""Eesti Keskerakond"" ""Erakond Isamaa ja Res Publica Liit"" ""Sotsiaaldemokraatlik Erakond"""
"1",""
"1"," ..."
"1",""
"1","
"
"1"," "
"1",""
"1","$ "
"1",""
"1","prtclfes"
"1",""
"1",":"
"1"," dbl+lbl [1:49519] NA, NA, NA, NA, NA, NA, NA, NA, NA, NA, NA, NA, NA, NA,...
"
"1","   .."
"1",""
"1","@ "
"1",""
"1","label        "
"1",""
"1",":"
"1"," chr "
"1",""
"1","""Which party feel closer to, Spain"""
"1",""
"1","
"
"1","   .."
"1",""
"1","@ "
"1",""
"1","format.spss  "
"1",""
"1",":"
"1"," chr "
"1",""
"1","""F2.0"""
"1",""
"1","
"
"1","   .."
"1",""
"1","@ "
"1",""
"1","display_width"
"1",""
"1",":"
"1"," int "
"1",""
"1","10"
"1",""
"1","
"
"1","   .."
"1",""
"1","@ "
"1",""
"1","labels       "
"1",""
"1",":"
"1"," Named num [1:27] "
"1",""
"1","1 2 3 4 5 6 7 8 9 10"
"1",""
"1"," ..."
"1",""
"1","
"
"1","   .. .."
"1",""
"1","- attr(*, ""names"")="
"1"," chr [1:27] "
"1",""
"1","""PP"" ""PSOE"" ""Unidas Podemos"" ""Podemos"""
"1",""
"1"," ..."
"1",""
"1","
"
"1"," "
"1",""
"1","$ "
"1",""
"1","prtclefi"
"1",""
"1",":"
"1"," dbl+lbl [1:49519] NA, NA, NA, NA, NA, NA, NA, NA, NA, NA, NA, NA, NA, NA,...
"
"1","   .."
"1",""
"1","@ "
"1",""
"1","label        "
"1",""
"1",":"
"1"," chr "
"1",""
"1","""Which party feel closer to, Finland"""
"1",""
"1","
"
"1","   .."
"1",""
"1","@ "
"1",""
"1","format.spss  "
"1",""
"1",":"
"1"," chr "
"1",""
"1","""F2.0"""
"1",""
"1","
"
"1","   .."
"1",""
"1","@ "
"1",""
"1","display_width"
"1",""
"1",":"
"1"," int "
"1",""
"1","10"
"1",""
"1","
"
"1","   .."
"1",""
"1","@ "
"1",""
"1","labels       "
"1",""
"1",":"
"1"," Named num [1:22] "
"1",""
"1","1 2 3 4 5 6 7 8 9 10"
"1",""
"1"," ..."
"1",""
"1","
"
"1","   .. .."
"1",""
"1","- attr(*, ""names"")="
"1"," chr [1:22] "
"1",""
"1","""The National Coalition Party"" ""The Swedish People's Party (SPP)"" ""The Centre Party"" ""True Finns"""
"1",""
"1"," ..."
"1",""
"1","
"
"1"," "
"1",""
"1","$ "
"1",""
"1","prtclffr"
"1",""
"1",":"
"1"," dbl+lbl [1:49519] NA, NA, NA, NA, NA, NA, NA, NA, NA, NA, NA, NA, NA, NA,...
"
"1","   .."
"1",""
"1","@ "
"1",""
"1","label        "
"1",""
"1",":"
"1"," chr "
"1",""
"1","""Which party feel closer to, France"""
"1",""
"1","
"
"1","   .."
"1",""
"1","@ "
"1",""
"1","format.spss  "
"1",""
"1",":"
"1"," chr "
"1",""
"1","""F2.0"""
"1",""
"1","
"
"1","   .."
"1",""
"1","@ "
"1",""
"1","display_width"
"1",""
"1",":"
"1"," int "
"1",""
"1","10"
"1",""
"1","
"
"1","   .."
"1",""
"1","@ "
"1",""
"1","labels       "
"1",""
"1",":"
"1"," Named num [1:16] "
"1",""
"1","1 2 3 4 5 6 7 8 9 10"
"1",""
"1"," ..."
"1",""
"1","
"
"1","   .. .."
"1",""
"1","- attr(*, ""names"")="
"1"," chr [1:16] "
"1",""
"1","""LO (Lutte Ouvrière)"" ""NPA (Nouveau Parti Anti-Capitaliste)"" ""PCF (Parti Communiste Français)"" ""FI (La France Insoumise)"""
"1",""
"1"," ..."
"1",""
"1","
"
"1"," "
"1",""
"1","$ "
"1",""
"1","prtclcgb"
"1",""
"1",":"
"1"," dbl+lbl [1:49519] NA, NA, NA, NA, NA, NA, NA, NA, NA, NA, NA, NA, NA, NA,...
"
"1","   .."
"1",""
"1","@ "
"1",""
"1","label        "
"1",""
"1",":"
"1"," chr "
"1",""
"1","""Which party feel closer to, United Kingdom"""
"1",""
"1","
"
"1","   .."
"1",""
"1","@ "
"1",""
"1","format.spss  "
"1",""
"1",":"
"1"," chr "
"1",""
"1","""F2.0"""
"1",""
"1","
"
"1","   .."
"1",""
"1","@ "
"1",""
"1","display_width"
"1",""
"1",":"
"1"," int "
"1",""
"1","10"
"1",""
"1","
"
"1","   .."
"1",""
"1","@ "
"1",""
"1","labels       "
"1",""
"1",":"
"1"," Named num [1:23] "
"1",""
"1","1 2 3 4 5 6 7 8 9 10"
"1",""
"1"," ..."
"1",""
"1","
"
"1","   .. .."
"1",""
"1","- attr(*, ""names"")="
"1"," chr [1:23] "
"1",""
"1","""Conservative"" ""Labour"" ""Liberal Democrat"" ""Scottish National Party"""
"1",""
"1"," ..."
"1",""
"1","
"
"1"," "
"1",""
"1","$ "
"1",""
"1","prtclahr"
"1",""
"1",":"
"1"," dbl+lbl [1:49519] NA, NA, NA, NA, NA, NA, NA, NA, NA, NA, NA, NA, NA, NA,...
"
"1","   .."
"1",""
"1","@ "
"1",""
"1","label        "
"1",""
"1",":"
"1"," chr "
"1",""
"1","""Which party feel closer to, Croatia"""
"1",""
"1","
"
"1","   .."
"1",""
"1","@ "
"1",""
"1","format.spss  "
"1",""
"1",":"
"1"," chr "
"1",""
"1","""F2.0"""
"1",""
"1","
"
"1","   .."
"1",""
"1","@ "
"1",""
"1","display_width"
"1",""
"1",":"
"1"," int "
"1",""
"1","10"
"1",""
"1","
"
"1","   .."
"1",""
"1","@ "
"1",""
"1","labels       "
"1",""
"1",":"
"1"," Named num [1:22] "
"1",""
"1","1 2 3 4 5 6 7 8 9 10"
"1",""
"1"," ..."
"1",""
"1","
"
"1","   .. .."
"1",""
"1","- attr(*, ""names"")="
"1"," chr [1:22] "
"1",""
"1","""Hrvatska demokratska zajednica (HDZ)"" ""Socijaldemokratska partija Hrvatske (SDP)"" ""Most nezavisnih lista (Most)"" ""Živi zid"""
"1",""
"1"," ..."
"1",""
"1","
"
"1"," "
"1",""
"1","$ "
"1",""
"1","prtclghu"
"1",""
"1",":"
"1"," dbl+lbl [1:49519] NA, NA, NA, NA, NA, NA, NA, NA, NA, NA, NA, NA, NA, NA,...
"
"1","   .."
"1",""
"1","@ "
"1",""
"1","label        "
"1",""
"1",":"
"1"," chr "
"1",""
"1","""Which party feel closer to, Hungary"""
"1",""
"1","
"
"1","   .."
"1",""
"1","@ "
"1",""
"1","format.spss  "
"1",""
"1",":"
"1"," chr "
"1",""
"1","""F2.0"""
"1",""
"1","
"
"1","   .."
"1",""
"1","@ "
"1",""
"1","display_width"
"1",""
"1",":"
"1"," int "
"1",""
"1","10"
"1",""
"1","
"
"1","   .."
"1",""
"1","@ "
"1",""
"1","labels       "
"1",""
"1",":"
"1"," Named num [1:16] "
"1",""
"1","1 2 3 4 5 6 7 8 9 10"
"1",""
"1"," ..."
"1",""
"1","
"
"1","   .. .."
"1",""
"1","- attr(*, ""names"")="
"1"," chr [1:16] "
"1",""
"1","""DK (Demokratikus Koalíció)"" ""Együtt2014 Mozgalom"" ""Fidesz (Fidesz Magyar Polgári Párt)"" ""Jobbik (Jobbik Magyarországért Mozgalom)"""
"1",""
"1"," ..."
"1",""
"1","
"
"1"," "
"1",""
"1","$ "
"1",""
"1","prtcleie"
"1",""
"1",":"
"1"," dbl+lbl [1:49519] NA, NA, NA, NA, NA, NA, NA, NA, NA, NA, NA, NA, NA, NA,...
"
"1","   .."
"1",""
"1","@ "
"1",""
"1","label        "
"1",""
"1",":"
"1"," chr "
"1",""
"1","""Which party feel closer to, Ireland"""
"1",""
"1","
"
"1","   .."
"1",""
"1","@ "
"1",""
"1","format.spss  "
"1",""
"1",":"
"1"," chr "
"1",""
"1","""F2.0"""
"1",""
"1","
"
"1","   .."
"1",""
"1","@ "
"1",""
"1","display_width"
"1",""
"1",":"
"1"," int "
"1",""
"1","10"
"1",""
"1","
"
"1","   .."
"1",""
"1","@ "
"1",""
"1","labels       "
"1",""
"1",":"
"1"," Named num [1:17] "
"1",""
"1","1 2 3 4 5 6 7 8 9 10"
"1",""
"1"," ..."
"1",""
"1","
"
"1","   .. .."
"1",""
"1","- attr(*, ""names"")="
"1"," chr [1:17] "
"1",""
"1","""Solidarity/People Before Profit (Solidarity/PBP)"" ""Fianna Fáil"" ""Fine Gael"" ""Green Party"""
"1",""
"1"," ..."
"1",""
"1","
"
"1"," "
"1",""
"1","$ "
"1",""
"1","prtclcis"
"1",""
"1",":"
"1"," dbl+lbl [1:49519] NA, NA, NA, NA, NA, NA, NA, NA, NA, NA, NA, NA, NA, NA,...
"
"1","   .."
"1",""
"1","@ "
"1",""
"1","label        "
"1",""
"1",":"
"1"," chr "
"1",""
"1","""Which party feel closer to, Iceland"""
"1",""
"1","
"
"1","   .."
"1",""
"1","@ "
"1",""
"1","format.spss  "
"1",""
"1",":"
"1"," chr "
"1",""
"1","""F2.0"""
"1",""
"1","
"
"1","   .."
"1",""
"1","@ "
"1",""
"1","display_width"
"1",""
"1",":"
"1"," int "
"1",""
"1","10"
"1",""
"1","
"
"1","   .."
"1",""
"1","@ "
"1",""
"1","labels       "
"1",""
"1",":"
"1"," Named num [1:19] "
"1",""
"1","1 2 3 4 5 6 7 8 9 10"
"1",""
"1"," ..."
"1",""
"1","
"
"1","   .. .."
"1",""
"1","- attr(*, ""names"")="
"1"," chr [1:19] "
"1",""
"1","""Sjálfstæðisflokknum"" ""Framsóknarflokknum"" ""Vinstri hreyfingunni - grænu framboði"" ""Samfylkingunni"""
"1",""
"1"," ..."
"1",""
"1","
"
"1"," "
"1",""
"1","$ "
"1",""
"1","prtcldit"
"1",""
"1",":"
"1"," dbl+lbl [1:49519] NA, NA, NA, NA, NA, NA, NA, NA, NA, NA, NA, NA, NA, NA,...
"
"1","   .."
"1",""
"1","@ "
"1",""
"1","label        "
"1",""
"1",":"
"1"," chr "
"1",""
"1","""Which party feel closer to, Italy"""
"1",""
"1","
"
"1","   .."
"1",""
"1","@ "
"1",""
"1","format.spss  "
"1",""
"1",":"
"1"," chr "
"1",""
"1","""F2.0"""
"1",""
"1","
"
"1","   .."
"1",""
"1","@ "
"1",""
"1","display_width"
"1",""
"1",":"
"1"," int "
"1",""
"1","10"
"1",""
"1","
"
"1","   .."
"1",""
"1","@ "
"1",""
"1","labels       "
"1",""
"1",":"
"1"," Named num [1:18] "
"1",""
"1","1 2 3 4 5 6 7 8 9 10"
"1",""
"1"," ..."
"1",""
"1","
"
"1","   .. .."
"1",""
"1","- attr(*, ""names"")="
"1"," chr [1:18] "
"1",""
"1","""Partido Democratico (PD)"" ""+ Europa"" ""Italia Europa Insieme"" ""Civia Popolare Lorenzin"""
"1",""
"1"," ..."
"1",""
"1","
"
"1"," "
"1",""
"1","$ "
"1",""
"1","prtclblt"
"1",""
"1",":"
"1"," dbl+lbl [1:49519] NA, NA, NA, NA, NA, NA, NA, NA, NA, NA, NA, NA, NA, NA,...
"
"1","   .."
"1",""
"1","@ "
"1",""
"1","label        "
"1",""
"1",":"
"1"," chr "
"1",""
"1","""Which party feel closer to, Lithuania"""
"1",""
"1","
"
"1","   .."
"1",""
"1","@ "
"1",""
"1","format.spss  "
"1",""
"1",":"
"1"," chr "
"1",""
"1","""F2.0"""
"1",""
"1","
"
"1","   .."
"1",""
"1","@ "
"1",""
"1","display_width"
"1",""
"1",":"
"1"," int "
"1",""
"1","10"
"1",""
"1","
"
"1","   .."
"1",""
"1","@ "
"1",""
"1","labels       "
"1",""
"1",":"
"1"," Named num [1:21] "
"1",""
"1","1 2 3 4 5 6 7 8 9 10"
"1",""
"1"," ..."
"1",""
"1","
"
"1","   .. .."
"1",""
"1","- attr(*, ""names"")="
"1"," chr [1:21] "
"1",""
"1","""Homeland Union - Lithuanian Christian Democrats (TS-LKD)"" ""Lithuanian Peasant and Greens Union (LVZS)"" ""Lithuanian Social Democratic Party (LSDP)"" ""Liberals' Movement of the Republic of Lithuania (LRLS)"""
"1",""
"1"," ..."
"1",""
"1","
"
"1"," "
"1",""
"1","$ "
"1",""
"1","prtclalv"
"1",""
"1",":"
"1"," dbl+lbl [1:49519] NA, NA, NA, NA, NA, NA, NA, NA, NA, NA, NA, NA, NA, NA,...
"
"1","   .."
"1",""
"1","@ "
"1",""
"1","label        "
"1",""
"1",":"
"1"," chr "
"1",""
"1","""Which party feel closer to, Latvia"""
"1",""
"1","
"
"1","   .."
"1",""
"1","@ "
"1",""
"1","format.spss  "
"1",""
"1",":"
"1"," chr "
"1",""
"1","""F2.0"""
"1",""
"1","
"
"1","   .."
"1",""
"1","@ "
"1",""
"1","display_width"
"1",""
"1",":"
"1"," int "
"1",""
"1","10"
"1",""
"1","
"
"1","   .."
"1",""
"1","@ "
"1",""
"1","labels       "
"1",""
"1",":"
"1"," Named num [1:21] "
"1",""
"1","1 2 3 4 5 6 7 8 9 10"
"1",""
"1"," ..."
"1",""
"1","
"
"1","   .. .."
"1",""
"1","- attr(*, ""names"")="
"1"," chr [1:21] "
"1",""
"1","""Latvijas Krievu savieniba"" ""Jauna konservativa partija"" ""Ricibas partija"" ""Nacionala apvieniba 'Visu Latvijai!' - 'Tevzemei un Brivibai/LNNK'"""
"1",""
"1"," ..."
"1",""
"1","
"
"1"," "
"1",""
"1","$ "
"1",""
"1","prtclme "
"1",""
"1",":"
"1"," dbl+lbl [1:49519] NA, NA, NA, NA, NA, NA, NA, NA, NA, NA, NA, NA, NA, NA,...
"
"1","   .."
"1",""
"1","@ "
"1",""
"1","label        "
"1",""
"1",":"
"1"," chr "
"1",""
"1","""Which party feel closer to, Montenegro"""
"1",""
"1","
"
"1","   .."
"1",""
"1","@ "
"1",""
"1","format.spss  "
"1",""
"1",":"
"1"," chr "
"1",""
"1","""F2.0"""
"1",""
"1","
"
"1","   .."
"1",""
"1","@ "
"1",""
"1","display_width"
"1",""
"1",":"
"1"," int "
"1",""
"1","9"
"1",""
"1","
"
"1","   .."
"1",""
"1","@ "
"1",""
"1","labels       "
"1",""
"1",":"
"1"," Named num [1:24] "
"1",""
"1","1 2 3 4 5 6 7 8 9 10"
"1",""
"1"," ..."
"1",""
"1","
"
"1","   .. .."
"1",""
"1","- attr(*, ""names"")="
"1"," chr [1:24] "
"1",""
"1","""Demokratska partija socijalista (DPS)"" ""Socijaldemokratska partija (SDP)"" ""Socijaldemokrate Crne Gore (SD)"" ""Socijalisticka narodna partija (SNP)"""
"1",""
"1"," ..."
"1",""
"1","
"
"1"," "
"1",""
"1","$ "
"1",""
"1","prtclfnl"
"1",""
"1",":"
"1"," dbl+lbl [1:49519] NA, NA, NA, NA, NA, NA, NA, NA, NA, NA, NA, NA, NA, NA,...
"
"1","   .."
"1",""
"1","@ "
"1",""
"1","label        "
"1",""
"1",":"
"1"," chr "
"1",""
"1","""Which party feel closer to, Netherlands"""
"1",""
"1","
"
"1","   .."
"1",""
"1","@ "
"1",""
"1","format.spss  "
"1",""
"1",":"
"1"," chr "
"1",""
"1","""F2.0"""
"1",""
"1","
"
"1","   .."
"1",""
"1","@ "
"1",""
"1","display_width"
"1",""
"1",":"
"1"," int "
"1",""
"1","10"
"1",""
"1","
"
"1","   .."
"1",""
"1","@ "
"1",""
"1","labels       "
"1",""
"1",":"
"1"," Named num [1:20] "
"1",""
"1","1 2 3 4 5 6 7 8 9 10"
"1",""
"1"," ..."
"1",""
"1","
"
"1","   .. .."
"1",""
"1","- attr(*, ""names"")="
"1"," chr [1:20] "
"1",""
"1","""People's Party for Freedom and Democracy"" ""Labour Party"" ""Party for Freedom"" ""Socialist Party"""
"1",""
"1"," ..."
"1",""
"1","
"
"1"," "
"1",""
"1","$ "
"1",""
"1","prtclbno"
"1",""
"1",":"
"1"," dbl+lbl [1:49519] NA, NA, NA, NA, NA, NA, NA, NA, NA, NA, NA, NA, NA, NA,...
"
"1","   .."
"1",""
"1","@ "
"1",""
"1","label        "
"1",""
"1",":"
"1"," chr "
"1",""
"1","""Which party feel closer to, Norway"""
"1",""
"1","
"
"1","   .."
"1",""
"1","@ "
"1",""
"1","format.spss  "
"1",""
"1",":"
"1"," chr "
"1",""
"1","""F2.0"""
"1",""
"1","
"
"1","   .."
"1",""
"1","@ "
"1",""
"1","display_width"
"1",""
"1",":"
"1"," int "
"1",""
"1","10"
"1",""
"1","
"
"1","   .."
"1",""
"1","@ "
"1",""
"1","labels       "
"1",""
"1",":"
"1"," Named num [1:15] "
"1",""
"1","1 2 3 4 5 6 7 8 9 10"
"1",""
"1"," ..."
"1",""
"1","
"
"1","   .. .."
"1",""
"1","- attr(*, ""names"")="
"1"," chr [1:15] "
"1",""
"1","""Rødt"" ""Sosialistisk Venstreparti"" ""Arbeiderpartiet"" ""Venstre"""
"1",""
"1"," ..."
"1",""
"1","
"
"1"," "
"1",""
"1","$ "
"1",""
"1","prtclhpl"
"1",""
"1",":"
"1"," dbl+lbl [1:49519] NA, NA, NA, NA, NA, NA, NA, NA, NA, NA, NA, NA, NA, NA,...
"
"1","   .."
"1",""
"1","@ "
"1",""
"1","label        "
"1",""
"1",":"
"1"," chr "
"1",""
"1","""Which party feel closer to, Poland"""
"1",""
"1","
"
"1","   .."
"1",""
"1","@ "
"1",""
"1","format.spss  "
"1",""
"1",":"
"1"," chr "
"1",""
"1","""F2.0"""
"1",""
"1","
"
"1","   .."
"1",""
"1","@ "
"1",""
"1","display_width"
"1",""
"1",":"
"1"," int "
"1",""
"1","10"
"1",""
"1","
"
"1","   .."
"1",""
"1","@ "
"1",""
"1","labels       "
"1",""
"1",":"
"1"," Named num [1:13] "
"1",""
"1","1 2 3 4 5 6 7 8 9 66"
"1",""
"1"," ..."
"1",""
"1","
"
"1","   .. .."
"1",""
"1","- attr(*, ""names"")="
"1"," chr [1:13] "
"1",""
"1","""Kukiz'15"" ""Nowoczesna"" ""Platforma Obywatelska"" ""Polskie Stronnictwo Ludowe"""
"1",""
"1"," ..."
"1",""
"1","
"
"1"," "
"1",""
"1","$ "
"1",""
"1","prtclept"
"1",""
"1",":"
"1"," dbl+lbl [1:49519] NA, NA, NA, NA, NA, NA, NA, NA, NA, NA, NA, NA, NA, NA,...
"
"1","   .."
"1",""
"1","@ "
"1",""
"1","label        "
"1",""
"1",":"
"1"," chr "
"1",""
"1","""Which party feel closer to, Portugal"""
"1",""
"1","
"
"1","   .."
"1",""
"1","@ "
"1",""
"1","format.spss  "
"1",""
"1",":"
"1"," chr "
"1",""
"1","""F2.0"""
"1",""
"1","
"
"1","   .."
"1",""
"1","@ "
"1",""
"1","display_width"
"1",""
"1",":"
"1"," int "
"1",""
"1","10"
"1",""
"1","
"
"1","   .."
"1",""
"1","@ "
"1",""
"1","labels       "
"1",""
"1",":"
"1"," Named num [1:22] "
"1",""
"1","1 2 3 4 5 6 7 8 9 10"
"1",""
"1"," ..."
"1",""
"1","
"
"1","   .. .."
"1",""
"1","- attr(*, ""names"")="
"1"," chr [1:22] "
"1",""
"1","""PTP-MAS - Agir"" ""B.E. - Bloco de Esquerda"" ""PCP-PEV - CDU - Coligação Democrática Unitária"" ""JPP - Juntos pelo Povo"""
"1",""
"1"," ..."
"1",""
"1","
"
"1"," "
"1",""
"1","$ "
"1",""
"1","prtclrs "
"1",""
"1",":"
"1"," dbl+lbl [1:49519] NA, NA, NA, NA, NA, NA, NA, NA, NA, NA, NA, NA, NA, NA,...
"
"1","   .."
"1",""
"1","@ "
"1",""
"1","label        "
"1",""
"1",":"
"1"," chr "
"1",""
"1","""Which party feel closer to, Serbia"""
"1",""
"1","
"
"1","   .."
"1",""
"1","@ "
"1",""
"1","format.spss  "
"1",""
"1",":"
"1"," chr "
"1",""
"1","""F2.0"""
"1",""
"1","
"
"1","   .."
"1",""
"1","@ "
"1",""
"1","display_width"
"1",""
"1",":"
"1"," int "
"1",""
"1","9"
"1",""
"1","
"
"1","   .."
"1",""
"1","@ "
"1",""
"1","labels       "
"1",""
"1",":"
"1"," Named num [1:31] "
"1",""
"1","1 2 3 4 5 6 7 8 9 10"
"1",""
"1"," ..."
"1",""
"1","
"
"1","   .. .."
"1",""
"1","- attr(*, ""names"")="
"1"," chr [1:31] "
"1",""
"1","""Bošnjacka demokratska zajednica Sandžaka"" ""Demokratska stranka"" ""Demokratska stranka Srbije"" ""Demokratski savez Hrvata u Vojvodini"""
"1",""
"1"," ..."
"1",""
"1","
"
"1"," "
"1",""
"1","$ "
"1",""
"1","prtclcse"
"1",""
"1",":"
"1"," dbl+lbl [1:49519] NA, NA, NA, NA, NA, NA, NA, NA, NA, NA, NA, NA, NA, NA,...
"
"1","   .."
"1",""
"1","@ "
"1",""
"1","label        "
"1",""
"1",":"
"1"," chr "
"1",""
"1","""Which party feel closer to, Sweden"""
"1",""
"1","
"
"1","   .."
"1",""
"1","@ "
"1",""
"1","format.spss  "
"1",""
"1",":"
"1"," chr "
"1",""
"1","""F2.0"""
"1",""
"1","
"
"1","   .."
"1",""
"1","@ "
"1",""
"1","display_width"
"1",""
"1",":"
"1"," int "
"1",""
"1","10"
"1",""
"1","
"
"1","   .."
"1",""
"1","@ "
"1",""
"1","labels       "
"1",""
"1",":"
"1"," Named num [1:14] "
"1",""
"1","1 2 3 4 5 6 7 8 9 10"
"1",""
"1"," ..."
"1",""
"1","
"
"1","   .. .."
"1",""
"1","- attr(*, ""names"")="
"1"," chr [1:14] "
"1",""
"1","""Centern"" ""Folkpartiet liberalerna"" ""Kristdemokraterna"" ""Miljöpartiet de gröna"""
"1",""
"1"," ..."
"1",""
"1","
"
"1"," "
"1",""
"1","$ "
"1",""
"1","prtclfsi"
"1",""
"1",":"
"1"," dbl+lbl [1:49519] NA, NA, NA, NA, NA, NA, NA, NA, NA, NA, NA, NA, NA, NA,...
"
"1","   .."
"1",""
"1","@ "
"1",""
"1","label        "
"1",""
"1",":"
"1"," chr "
"1",""
"1","""Which party feel closer to, Slovenia"""
"1",""
"1","
"
"1","   .."
"1",""
"1","@ "
"1",""
"1","format.spss  "
"1",""
"1",":"
"1"," chr "
"1",""
"1","""F2.0"""
"1",""
"1","
"
"1","   .."
"1",""
"1","@ "
"1",""
"1","display_width"
"1",""
"1",":"
"1"," int "
"1",""
"1","10"
"1",""
"1","
"
"1","   .."
"1",""
"1","@ "
"1",""
"1","labels       "
"1",""
"1",":"
"1"," Named num [1:16] "
"1",""
"1","1 2 3 4 5 6 7 8 9 10"
"1",""
"1"," ..."
"1",""
"1","
"
"1","   .. .."
"1",""
"1","- attr(*, ""names"")="
"1"," chr [1:16] "
"1",""
"1","""DESUS - Demokraticna stranka upokojencev Slovenije"" ""L - Levica"" ""LMŠ - Lista Marjana Šarca"" ""NSI - Nova Slovenija – Kršcanski demokrati"""
"1",""
"1"," ..."
"1",""
"1","
"
"1"," "
"1",""
"1","$ "
"1",""
"1","prtcldsk"
"1",""
"1",":"
"1"," dbl+lbl [1:49519] NA, NA, NA, NA, NA, NA, NA, NA, NA, NA, NA, NA, NA, NA,...
"
"1","   .."
"1",""
"1","@ "
"1",""
"1","label        "
"1",""
"1",":"
"1"," chr "
"1",""
"1","""Which party feel closer to, Slovakia"""
"1",""
"1","
"
"1","   .."
"1",""
"1","@ "
"1",""
"1","format.spss  "
"1",""
"1",":"
"1"," chr "
"1",""
"1","""F2.0"""
"1",""
"1","
"
"1","   .."
"1",""
"1","@ "
"1",""
"1","display_width"
"1",""
"1",":"
"1"," int "
"1",""
"1","10"
"1",""
"1","
"
"1","   .."
"1",""
"1","@ "
"1",""
"1","labels       "
"1",""
"1",":"
"1"," Named num [1:13] "
"1",""
"1","1 2 3 4 5 6 7 8 9 66"
"1",""
"1"," ..."
"1",""
"1","
"
"1","   .. .."
"1",""
"1","- attr(*, ""names"")="
"1"," chr [1:13] "
"1",""
"1","""Ordinary People and Independent Personalities (OLaNO)"" ""Slovak Democratic Christian Union (SDKU)"" ""SMER-Social Democracy"" ""Most-Híd"""
"1",""
"1"," ..."
"1",""
"1","
"
"1"," "
"1",""
"1","$ "
"1",""
"1","prtdgcl "
"1",""
"1",":"
"1"," dbl+lbl [1:49519]  2,  2,  2,  2,  2,  2,  1, NA, NA,  2, NA,  3, NA, NA,...
"
"1","   .."
"1",""
"1","@ "
"1",""
"1","label        "
"1",""
"1",":"
"1"," chr "
"1",""
"1","""How close to party"""
"1",""
"1","
"
"1","   .."
"1",""
"1","@ "
"1",""
"1","format.spss  "
"1",""
"1",":"
"1"," chr "
"1",""
"1","""F1.0"""
"1",""
"1","
"
"1","   .."
"1",""
"1","@ "
"1",""
"1","display_width"
"1",""
"1",":"
"1"," int "
"1",""
"1","9"
"1",""
"1","
"
"1","   .."
"1",""
"1","@ "
"1",""
"1","labels       "
"1",""
"1",":"
"1"," Named num [1:8] "
"1",""
"1","1 2 3 4 6 7 8 9"
"1",""
"1","
"
"1","   .. .."
"1",""
"1","- attr(*, ""names"")="
"1"," chr [1:8] "
"1",""
"1","""Very close"" ""Quite close"" ""Not close"" ""Not at all close"""
"1",""
"1"," ..."
"1",""
"1","
"
"1"," "
"1",""
"1","$ "
"1",""
"1","lrscale "
"1",""
"1",":"
"1"," dbl+lbl [1:49519]  9,  5,  5, NA,  5,  3,  3,  7,  4,  5,  2,  3,  5,  5,...
"
"1","   .."
"1",""
"1","@ "
"1",""
"1","label        "
"1",""
"1",":"
"1"," chr "
"1",""
"1","""Placement on left right scale"""
"1",""
"1","
"
"1","   .."
"1",""
"1","@ "
"1",""
"1","format.spss  "
"1",""
"1",":"
"1"," chr "
"1",""
"1","""F2.0"""
"1",""
"1","
"
"1","   .."
"1",""
"1","@ "
"1",""
"1","display_width"
"1",""
"1",":"
"1"," int "
"1",""
"1","9"
"1",""
"1","
"
"1","   .."
"1",""
"1","@ "
"1",""
"1","labels       "
"1",""
"1",":"
"1"," Named num [1:14] "
"1",""
"1","0 1 2 3 4 5 6 7 8 9"
"1",""
"1"," ..."
"1",""
"1","
"
"1","   .. .."
"1",""
"1","- attr(*, ""names"")="
"1"," chr [1:14] "
"1",""
"1","""Left"" ""1"" ""2"" ""3"""
"1",""
"1"," ..."
"1",""
"1","
"
"1"," "
"1",""
"1","$ "
"1",""
"1","stflife "
"1",""
"1",":"
"1"," dbl+lbl [1:49519]  8,  8,  9,  8,  8,  9, 10,  6, 10,  9, 10,  8, 10, 10,...
"
"1","   .."
"1",""
"1","@ "
"1",""
"1","label        "
"1",""
"1",":"
"1"," chr "
"1",""
"1","""How satisfied with life as a whole"""
"1",""
"1","
"
"1","   .."
"1",""
"1","@ "
"1",""
"1","format.spss  "
"1",""
"1",":"
"1"," chr "
"1",""
"1","""F2.0"""
"1",""
"1","
"
"1","   .."
"1",""
"1","@ "
"1",""
"1","display_width"
"1",""
"1",":"
"1"," int "
"1",""
"1","9"
"1",""
"1","
"
"1","   .."
"1",""
"1","@ "
"1",""
"1","labels       "
"1",""
"1",":"
"1"," Named num [1:14] "
"1",""
"1","0 1 2 3 4 5 6 7 8 9"
"1",""
"1"," ..."
"1",""
"1","
"
"1","   .. .."
"1",""
"1","- attr(*, ""names"")="
"1"," chr [1:14] "
"1",""
"1","""Extremely dissatisfied"" ""1"" ""2"" ""3"""
"1",""
"1"," ..."
"1",""
"1","
"
"1"," "
"1",""
"1","$ "
"1",""
"1","stfeco  "
"1",""
"1",":"
"1"," dbl+lbl [1:49519]  8,  8,  5,  6,  7,  9,  1,  7,  8,  7, 10,  5,  6,  9,...
"
"1","   .."
"1",""
"1","@ "
"1",""
"1","label      "
"1",""
"1",":"
"1"," chr "
"1",""
"1","""How satisfied with present state of economy in country"""
"1",""
"1","
"
"1","   .."
"1",""
"1","@ "
"1",""
"1","format.spss"
"1",""
"1",":"
"1"," chr "
"1",""
"1","""F2.0"""
"1",""
"1","
"
"1","   .."
"1",""
"1","@ "
"1",""
"1","labels     "
"1",""
"1",":"
"1"," Named num [1:14] "
"1",""
"1","0 1 2 3 4 5 6 7 8 9"
"1",""
"1"," ..."
"1",""
"1","
"
"1","   .. .."
"1",""
"1","- attr(*, ""names"")="
"1"," chr [1:14] "
"1",""
"1","""Extremely dissatisfied"" ""1"" ""2"" ""3"""
"1",""
"1"," ..."
"1",""
"1","
"
"1"," "
"1"," "
"1","[list output truncated]
"
